# form	assertionUuid	failureType	violations	sha256(sorted concept ids)
# overall a91c088e1bacadd515a2c00a09db3d4613a37fb2f492c431718431240d647135
inferred	0150390d-a2d0-4d72-b90d-ceaed74a767a	ERROR	0	e3b0c44298fc1c149afbf4c8996fb92427ae41e4649b934ca495991b7852b855
inferred	0150390d-a2d0-4d72-b90d-ceaed74a767a	ERROR	0	e3b0c44298fc1c149afbf4c8996fb92427ae41e4649b934ca495991b7852b855
inferred	016ce0b2-4f90-4b89-8b45-be2ae2725d63	ERROR	0	e3b0c44298fc1c149afbf4c8996fb92427ae41e4649b934ca495991b7852b855
inferred	016ce0b2-4f90-4b89-8b45-be2ae2725d63	ERROR	0	e3b0c44298fc1c149afbf4c8996fb92427ae41e4649b934ca495991b7852b855
inferred	016ce0b2-4f90-4b89-8b45-be2ae2725d63	ERROR	0	e3b0c44298fc1c149afbf4c8996fb92427ae41e4649b934ca495991b7852b855
inferred	016dbf3a-4665-4b44-908e-2040dc8ccf5d	ERROR	0	e3b0c44298fc1c149afbf4c8996fb92427ae41e4649b934ca495991b7852b855
inferred	03eb4be9-ed46-4a67-9e6c-1f293954988f	ERROR	0	e3b0c44298fc1c149afbf4c8996fb92427ae41e4649b934ca495991b7852b855
inferred	03eb4be9-ed46-4a67-9e6c-1f293954988f	ERROR	0	e3b0c44298fc1c149afbf4c8996fb92427ae41e4649b934ca495991b7852b855
inferred	04dcf5a1-cac7-49f6-8ece-87fb83f99e33	ERROR	0	e3b0c44298fc1c149afbf4c8996fb92427ae41e4649b934ca495991b7852b855
inferred	06805490-d51c-4180-be36-8ca0ed64ce5e	ERROR	0	e3b0c44298fc1c149afbf4c8996fb92427ae41e4649b934ca495991b7852b855
inferred	0958083b-4a27-4feb-b32c-b203be33cc41	ERROR	0	e3b0c44298fc1c149afbf4c8996fb92427ae41e4649b934ca495991b7852b855
inferred	0958083b-4a27-4feb-b32c-b203be33cc41	ERROR	0	e3b0c44298fc1c149afbf4c8996fb92427ae41e4649b934ca495991b7852b855
inferred	0a19cbb6-8020-4410-9b07-4dcc820c7919	ERROR	0	e3b0c44298fc1c149afbf4c8996fb92427ae41e4649b934ca495991b7852b855
inferred	0a827bd7-67a3-4536-9e4f-42224721ebd2	ERROR	0	e3b0c44298fc1c149afbf4c8996fb92427ae41e4649b934ca495991b7852b855
inferred	0a827bd7-67a3-4536-9e4f-42224721ebd2	ERROR	0	e3b0c44298fc1c149afbf4c8996fb92427ae41e4649b934ca495991b7852b855
inferred	0b6a7cf1-aad4-4ff6-82bb-3b96047a80bd	ERROR	0	e3b0c44298fc1c149afbf4c8996fb92427ae41e4649b934ca495991b7852b855
inferred	0baa658d-7dd1-4ecf-aec0-cfcd2057a457	ERROR	0	e3b0c44298fc1c149afbf4c8996fb92427ae41e4649b934ca495991b7852b855
inferred	0bcad72e-9153-4dce-9eb4-f71bfbd2bca8	ERROR	0	e3b0c44298fc1c149afbf4c8996fb92427ae41e4649b934ca495991b7852b855
inferred	0bcad72e-9153-4dce-9eb4-f71bfbd2bca8	ERROR	0	e3b0c44298fc1c149afbf4c8996fb92427ae41e4649b934ca495991b7852b855
inferred	0c244bb2-35a7-4876-b118-c4ea472f0a82	ERROR	0	e3b0c44298fc1c149afbf4c8996fb92427ae41e4649b934ca495991b7852b855
inferred	0c244bb2-35a7-4876-b118-c4ea472f0a82	ERROR	0	e3b0c44298fc1c149afbf4c8996fb92427ae41e4649b934ca495991b7852b855
inferred	0cda4060-b26c-4d16-bf45-3a4f59444106	ERROR	0	e3b0c44298fc1c149afbf4c8996fb92427ae41e4649b934ca495991b7852b855
inferred	0cda4060-b26c-4d16-bf45-3a4f59444106	ERROR	0	e3b0c44298fc1c149afbf4c8996fb92427ae41e4649b934ca495991b7852b855
inferred	0da1cb6d-a164-5691-f6d0-2e31958fc42a	ERROR	0	e3b0c44298fc1c149afbf4c8996fb92427ae41e4649b934ca495991b7852b855
inferred	0da1cb6d-a164-5691-f6d0-2e31958fc42a	ERROR	0	e3b0c44298fc1c149afbf4c8996fb92427ae41e4649b934ca495991b7852b855
inferred	0f2a2383-2d6d-4501-9ba7-a7f371080ccd	ERROR	0	e3b0c44298fc1c149afbf4c8996fb92427ae41e4649b934ca495991b7852b855
inferred	0f2a2383-2d6d-4501-9ba7-a7f371080ccd	ERROR	0	e3b0c44298fc1c149afbf4c8996fb92427ae41e4649b934ca495991b7852b855
inferred	10463044-9762-48dd-b2f3-a9b66d18d5ec	ERROR	0	e3b0c44298fc1c149afbf4c8996fb92427ae41e4649b934ca495991b7852b855
inferred	10463044-9762-48dd-b2f3-a9b66d18d5ec	ERROR	0	e3b0c44298fc1c149afbf4c8996fb92427ae41e4649b934ca495991b7852b855
inferred	10977efb-fb62-4f3e-8d13-81a92ad22fd2	ERROR	0	e3b0c44298fc1c149afbf4c8996fb92427ae41e4649b934ca495991b7852b855
inferred	10977efb-fb62-4f3e-8d13-81a92ad22fd2	ERROR	0	e3b0c44298fc1c149afbf4c8996fb92427ae41e4649b934ca495991b7852b855
inferred	10a6d260-70f6-4158-96b5-1b4fd366ae02	ERROR	0	e3b0c44298fc1c149afbf4c8996fb92427ae41e4649b934ca495991b7852b855
inferred	10b2df11-0288-491f-b51a-0b9018c95082	ERROR	0	e3b0c44298fc1c149afbf4c8996fb92427ae41e4649b934ca495991b7852b855
inferred	10b2df11-0288-491f-b51a-0b9018c95082	ERROR	0	e3b0c44298fc1c149afbf4c8996fb92427ae41e4649b934ca495991b7852b855
inferred	10e9c919-fb15-450e-a101-e488287b9555	ERROR	0	e3b0c44298fc1c149afbf4c8996fb92427ae41e4649b934ca495991b7852b855
inferred	11d8ff3a-80b1-40b5-a4a6-fd3268141085	ERROR	0	e3b0c44298fc1c149afbf4c8996fb92427ae41e4649b934ca495991b7852b855
inferred	12eec138-e3ff-4c1e-aa69-8acdb42ab4fe	ERROR	0	e3b0c44298fc1c149afbf4c8996fb92427ae41e4649b934ca495991b7852b855
inferred	1301ad8f-8be1-469e-80a3-396bca848357	ERROR	0	e3b0c44298fc1c149afbf4c8996fb92427ae41e4649b934ca495991b7852b855
inferred	1301ad8f-8be1-469e-80a3-396bca848357	ERROR	0	e3b0c44298fc1c149afbf4c8996fb92427ae41e4649b934ca495991b7852b855
inferred	14629706-f27b-4135-ab62-c342ac0cbfe5	ERROR	0	e3b0c44298fc1c149afbf4c8996fb92427ae41e4649b934ca495991b7852b855
inferred	1686b1d4-5f4d-4ff4-afcb-519548a8e54d	ERROR	0	e3b0c44298fc1c149afbf4c8996fb92427ae41e4649b934ca495991b7852b855
inferred	17eec929-cccc-4713-a71d-4d9f422117c5	ERROR	0	e3b0c44298fc1c149afbf4c8996fb92427ae41e4649b934ca495991b7852b855
inferred	17eec929-cccc-4713-a71d-4d9f422117c5	ERROR	0	e3b0c44298fc1c149afbf4c8996fb92427ae41e4649b934ca495991b7852b855
inferred	190a570b-2c6d-b9e2-a4ba-c1a39e21518d	ERROR	0	e3b0c44298fc1c149afbf4c8996fb92427ae41e4649b934ca495991b7852b855
inferred	1a311e16-c423-48e7-92f6-1ca6a0719601	ERROR	0	e3b0c44298fc1c149afbf4c8996fb92427ae41e4649b934ca495991b7852b855
inferred	1a311e16-c423-48e7-92f6-1ca6a0719601	ERROR	0	e3b0c44298fc1c149afbf4c8996fb92427ae41e4649b934ca495991b7852b855
inferred	1c9118ab-9a89-4f76-89e5-dc88f196d8fc	ERROR	0	e3b0c44298fc1c149afbf4c8996fb92427ae41e4649b934ca495991b7852b855
inferred	1c9118ab-9a89-4f76-89e5-dc88f196d8fc	ERROR	0	e3b0c44298fc1c149afbf4c8996fb92427ae41e4649b934ca495991b7852b855
inferred	1cc250da-c4a4-421e-a8ed-ba265e59f1a5	ERROR	0	e3b0c44298fc1c149afbf4c8996fb92427ae41e4649b934ca495991b7852b855
inferred	1cd45064-3143-43bc-96bf-37afce2454d9	ERROR	0	e3b0c44298fc1c149afbf4c8996fb92427ae41e4649b934ca495991b7852b855
inferred	1cd45064-3143-43bc-96bf-37afce2454d9	ERROR	0	e3b0c44298fc1c149afbf4c8996fb92427ae41e4649b934ca495991b7852b855
inferred	1e2c1d24-9e76-411f-89ce-c7433b017702	ERROR	0	e3b0c44298fc1c149afbf4c8996fb92427ae41e4649b934ca495991b7852b855
inferred	1f6f68d5-f3ea-4aa1-ab7b-5000fa7637f4	ERROR	0	e3b0c44298fc1c149afbf4c8996fb92427ae41e4649b934ca495991b7852b855
inferred	1f6f68d5-f3ea-4aa1-ab7b-5000fa7637f4	ERROR	0	e3b0c44298fc1c149afbf4c8996fb92427ae41e4649b934ca495991b7852b855
inferred	1f73ff18-fed3-4e1b-96fc-fd5479f86477	ERROR	0	e3b0c44298fc1c149afbf4c8996fb92427ae41e4649b934ca495991b7852b855
inferred	2003ae77-7a97-46a7-a6c9-f070672a3231	ERROR	0	e3b0c44298fc1c149afbf4c8996fb92427ae41e4649b934ca495991b7852b855
inferred	20ea3358-e436-4ac2-966e-d3a10f966142	ERROR	0	e3b0c44298fc1c149afbf4c8996fb92427ae41e4649b934ca495991b7852b855
inferred	2237dbbb-5c14-4564-a159-7dee39162331	ERROR	0	e3b0c44298fc1c149afbf4c8996fb92427ae41e4649b934ca495991b7852b855
inferred	2237dbbb-5c14-4564-a159-7dee39162331	ERROR	0	e3b0c44298fc1c149afbf4c8996fb92427ae41e4649b934ca495991b7852b855
inferred	244d3fc6-b622-4e8b-9e25-e19e2b8751c1	ERROR	0	e3b0c44298fc1c149afbf4c8996fb92427ae41e4649b934ca495991b7852b855
inferred	255dfc2b-c8ac-47cb-b62d-e5bee4ac6ff8	ERROR	0	e3b0c44298fc1c149afbf4c8996fb92427ae41e4649b934ca495991b7852b855
inferred	2598cdb6-3391-4b54-8e92-41a5987dceda	ERROR	0	e3b0c44298fc1c149afbf4c8996fb92427ae41e4649b934ca495991b7852b855
inferred	2598cdb6-3391-4b54-8e92-41a5987dceda	ERROR	0	e3b0c44298fc1c149afbf4c8996fb92427ae41e4649b934ca495991b7852b855
inferred	268b70c3-aa2d-45da-8d2f-dd89f29d82b2	ERROR	0	e3b0c44298fc1c149afbf4c8996fb92427ae41e4649b934ca495991b7852b855
inferred	27b235f6-3f3c-4d63-bb54-d3323967fbfb	ERROR	0	e3b0c44298fc1c149afbf4c8996fb92427ae41e4649b934ca495991b7852b855
inferred	27e71865-4354-427a-b1ba-38cdd45130d6	ERROR	0	e3b0c44298fc1c149afbf4c8996fb92427ae41e4649b934ca495991b7852b855
inferred	28878579-3558-4d04-9d19-4f9a65a8cd5b	ERROR	0	e3b0c44298fc1c149afbf4c8996fb92427ae41e4649b934ca495991b7852b855
inferred	28878579-3558-4d04-9d19-4f9a65a8cd5b	ERROR	0	e3b0c44298fc1c149afbf4c8996fb92427ae41e4649b934ca495991b7852b855
inferred	2934c268-11de-46b7-97fc-72ec389933a0	ERROR	0	e3b0c44298fc1c149afbf4c8996fb92427ae41e4649b934ca495991b7852b855
inferred	2934c268-11de-46b7-97fc-72ec389933a0	ERROR	0	e3b0c44298fc1c149afbf4c8996fb92427ae41e4649b934ca495991b7852b855
inferred	29eca2fc-ba2d-42a0-9ee1-99d97dc933ff	ERROR	0	e3b0c44298fc1c149afbf4c8996fb92427ae41e4649b934ca495991b7852b855
inferred	29eca2fc-ba2d-42a0-9ee1-99d97dc933ff	ERROR	0	e3b0c44298fc1c149afbf4c8996fb92427ae41e4649b934ca495991b7852b855
inferred	2c46fdc1-d5c8-40ff-b705-4d18135c8117	ERROR	0	e3b0c44298fc1c149afbf4c8996fb92427ae41e4649b934ca495991b7852b855
inferred	2c46fdc1-d5c8-40ff-b705-4d18135c8117	ERROR	0	e3b0c44298fc1c149afbf4c8996fb92427ae41e4649b934ca495991b7852b855
inferred	2eb17bc1-e262-4bb9-b3b5-4518e53af22f	ERROR	0	e3b0c44298fc1c149afbf4c8996fb92427ae41e4649b934ca495991b7852b855
inferred	2f974123-1e84-48d3-ab12-5baed516fdc8	ERROR	0	e3b0c44298fc1c149afbf4c8996fb92427ae41e4649b934ca495991b7852b855
inferred	2f974123-1e84-48d3-ab12-5baed516fdc8	ERROR	0	e3b0c44298fc1c149afbf4c8996fb92427ae41e4649b934ca495991b7852b855
inferred	2fb9a232-9417-46ef-b545-523cd8454ad4	ERROR	0	e3b0c44298fc1c149afbf4c8996fb92427ae41e4649b934ca495991b7852b855
inferred	2fb9a232-9417-46ef-b545-523cd8454ad4	ERROR	0	e3b0c44298fc1c149afbf4c8996fb92427ae41e4649b934ca495991b7852b855
inferred	31b3e9ce-3cff-44c0-b2ce-b6f0c2e3746d	ERROR	0	e3b0c44298fc1c149afbf4c8996fb92427ae41e4649b934ca495991b7852b855
inferred	3385133c-0886-4c6f-9e6d-2f1d216c9f91	ERROR	0	e3b0c44298fc1c149afbf4c8996fb92427ae41e4649b934ca495991b7852b855
inferred	34edbd83-dcf0-45bb-b881-9c79c19293c4	ERROR	0	e3b0c44298fc1c149afbf4c8996fb92427ae41e4649b934ca495991b7852b855
inferred	351405be-c515-4997-a9cb-a55d83e66ecb	ERROR	0	e3b0c44298fc1c149afbf4c8996fb92427ae41e4649b934ca495991b7852b855
inferred	351405be-c515-4997-a9cb-a55d83e66ecb	ERROR	0	e3b0c44298fc1c149afbf4c8996fb92427ae41e4649b934ca495991b7852b855
inferred	37b05158-048c-4d3d-a945-35382367cb55	ERROR	0	e3b0c44298fc1c149afbf4c8996fb92427ae41e4649b934ca495991b7852b855
inferred	37b05158-048c-4d3d-a945-35382367cb55	ERROR	0	e3b0c44298fc1c149afbf4c8996fb92427ae41e4649b934ca495991b7852b855
inferred	38b2c23e-446d-4d6d-bd40-409d58c4743a	ERROR	0	e3b0c44298fc1c149afbf4c8996fb92427ae41e4649b934ca495991b7852b855
inferred	38cf03ea-0326-4049-b930-41728495b33e	ERROR	0	e3b0c44298fc1c149afbf4c8996fb92427ae41e4649b934ca495991b7852b855
inferred	39431cd0-d243-45cd-902d-1a249e5304bc	ERROR	0	e3b0c44298fc1c149afbf4c8996fb92427ae41e4649b934ca495991b7852b855
inferred	398f1213-1dc2-4892-967f-7473d354e8ac	ERROR	0	e3b0c44298fc1c149afbf4c8996fb92427ae41e4649b934ca495991b7852b855
inferred	39ae53c5-6873-42e0-bcd5-eb8bc695c28a	ERROR	0	e3b0c44298fc1c149afbf4c8996fb92427ae41e4649b934ca495991b7852b855
inferred	39ae53c5-6873-42e0-bcd5-eb8bc695c28a	ERROR	0	e3b0c44298fc1c149afbf4c8996fb92427ae41e4649b934ca495991b7852b855
inferred	39dde89d-dbb3-45a6-94e3-7c28073ac578	ERROR	0	e3b0c44298fc1c149afbf4c8996fb92427ae41e4649b934ca495991b7852b855
inferred	39dde89d-dbb3-45a6-94e3-7c28073ac578	ERROR	0	e3b0c44298fc1c149afbf4c8996fb92427ae41e4649b934ca495991b7852b855
inferred	39f5f1fc-d2e4-45b0-9643-d6ce66a871d6	ERROR	0	e3b0c44298fc1c149afbf4c8996fb92427ae41e4649b934ca495991b7852b855
inferred	39f5f1fc-d2e4-45b0-9643-d6ce66a871d6	ERROR	0	e3b0c44298fc1c149afbf4c8996fb92427ae41e4649b934ca495991b7852b855
inferred	3aecc712-b931-4079-8da2-6a92ea330b91	ERROR	0	e3b0c44298fc1c149afbf4c8996fb92427ae41e4649b934ca495991b7852b855
inferred	3aecc712-b931-4079-8da2-6a92ea330b91	ERROR	0	e3b0c44298fc1c149afbf4c8996fb92427ae41e4649b934ca495991b7852b855
inferred	3aecd7e7-57f4-464c-9a17-d1126c837836	ERROR	0	e3b0c44298fc1c149afbf4c8996fb92427ae41e4649b934ca495991b7852b855
inferred	3aecd7e7-57f4-464c-9a17-d1126c837836	ERROR	0	e3b0c44298fc1c149afbf4c8996fb92427ae41e4649b934ca495991b7852b855
inferred	3af5b0c7-a293-4330-8101-b61c2421c2dc	ERROR	0	e3b0c44298fc1c149afbf4c8996fb92427ae41e4649b934ca495991b7852b855
inferred	3af5b0c7-a293-4330-8101-b61c2421c2dc	ERROR	0	e3b0c44298fc1c149afbf4c8996fb92427ae41e4649b934ca495991b7852b855
inferred	3c018e5c-e6f1-4d28-8d36-2c48cd1ccb88	ERROR	0	e3b0c44298fc1c149afbf4c8996fb92427ae41e4649b934ca495991b7852b855
inferred	3c018e5c-e6f1-4d28-8d36-2c48cd1ccb88	ERROR	0	e3b0c44298fc1c149afbf4c8996fb92427ae41e4649b934ca495991b7852b855
inferred	3c7fb8c8-2e1e-407a-8c71-1ce330441c3d	ERROR	0	e3b0c44298fc1c149afbf4c8996fb92427ae41e4649b934ca495991b7852b855
inferred	3f047361-51be-450e-95d3-7a6908503f8e	ERROR	0	e3b0c44298fc1c149afbf4c8996fb92427ae41e4649b934ca495991b7852b855
inferred	3f047361-51be-450e-95d3-7a6908503f8e	ERROR	0	e3b0c44298fc1c149afbf4c8996fb92427ae41e4649b934ca495991b7852b855
inferred	4143563b-44f1-4a90-99be-e05dea540b7b	ERROR	0	e3b0c44298fc1c149afbf4c8996fb92427ae41e4649b934ca495991b7852b855
inferred	425a17e2-d6ca-47e0-b973-22777d3b77a2	ERROR	0	e3b0c44298fc1c149afbf4c8996fb92427ae41e4649b934ca495991b7852b855
inferred	44441f9a-896c-4758-9836-581e8a414fb4	ERROR	0	e3b0c44298fc1c149afbf4c8996fb92427ae41e4649b934ca495991b7852b855
inferred	44441f9a-896c-4758-9836-581e8a414fb4	ERROR	0	e3b0c44298fc1c149afbf4c8996fb92427ae41e4649b934ca495991b7852b855
inferred	44e0ba37-6d6e-4843-9cf1-45cf11b0c8e6	WARNING	0	e3b0c44298fc1c149afbf4c8996fb92427ae41e4649b934ca495991b7852b855
inferred	45707b0e-8d51-4bf9-8b87-3f5a26ef1cec	ERROR	0	e3b0c44298fc1c149afbf4c8996fb92427ae41e4649b934ca495991b7852b855
inferred	473f46f5-5bb8-4691-aa64-0193c8fb314b	ERROR	0	e3b0c44298fc1c149afbf4c8996fb92427ae41e4649b934ca495991b7852b855
inferred	47e35159-6db8-41f2-a4cd-4fa79ea0e03b	ERROR	0	e3b0c44298fc1c149afbf4c8996fb92427ae41e4649b934ca495991b7852b855
inferred	4816c1c3-3299-48ce-998b-f70a1d03bbdf	ERROR	0	e3b0c44298fc1c149afbf4c8996fb92427ae41e4649b934ca495991b7852b855
inferred	4816c1c3-3299-48ce-998b-f70a1d03bbdf	ERROR	0	e3b0c44298fc1c149afbf4c8996fb92427ae41e4649b934ca495991b7852b855
inferred	48ad7e95-0e56-4c97-a06f-e8f94773a708	ERROR	0	e3b0c44298fc1c149afbf4c8996fb92427ae41e4649b934ca495991b7852b855
inferred	49bafaf8-d60b-46b5-a9ac-bb9a2dc01522	ERROR	0	e3b0c44298fc1c149afbf4c8996fb92427ae41e4649b934ca495991b7852b855
inferred	49bafaf8-d60b-46b5-a9ac-bb9a2dc01522	ERROR	0	e3b0c44298fc1c149afbf4c8996fb92427ae41e4649b934ca495991b7852b855
inferred	4bcf42c3-1853-4693-b80f-b8c0e51537f7	ERROR	0	e3b0c44298fc1c149afbf4c8996fb92427ae41e4649b934ca495991b7852b855
inferred	4c2f6db5-1d31-8c60-017d-17a96c2e4d08	ERROR	0	e3b0c44298fc1c149afbf4c8996fb92427ae41e4649b934ca495991b7852b855
inferred	4c2f6db5-1d31-8c60-017d-17a96c2e4d08	ERROR	0	e3b0c44298fc1c149afbf4c8996fb92427ae41e4649b934ca495991b7852b855
inferred	4cafa321-0ab0-4b68-8159-39a50c6c26e5	WARNING	6	5c3eaf87d8f78c514d0be7e01a17c25b0b173d3a6f6f7064de36c20269a3ae14
inferred	4cdeb624-40b2-4c3e-9bf6-69ce2d529aa3	ERROR	0	e3b0c44298fc1c149afbf4c8996fb92427ae41e4649b934ca495991b7852b855
inferred	4cdeb624-40b2-4c3e-9bf6-69ce2d529aa3	ERROR	0	e3b0c44298fc1c149afbf4c8996fb92427ae41e4649b934ca495991b7852b855
inferred	4d1fcca3-cb9b-4cc3-92a5-6e99a5b0110e	WARNING	7	c31a3cb44dc5ec8fb89ed3f65fa9266c9019dc2088f132b6f7233a9db6ebf761
inferred	4d606e02-ffec-439c-a6a3-ff6e42aa2a79	ERROR	0	e3b0c44298fc1c149afbf4c8996fb92427ae41e4649b934ca495991b7852b855
inferred	4dc4c6f9-4d4f-4cbe-926f-b5d8e0906f2c	ERROR	0	e3b0c44298fc1c149afbf4c8996fb92427ae41e4649b934ca495991b7852b855
inferred	4f3e5e29-1296-465b-9d6b-f0060c681907	ERROR	0	e3b0c44298fc1c149afbf4c8996fb92427ae41e4649b934ca495991b7852b855
inferred	4f4e0b76-ab2e-4359-92f8-e67cdebc959a	ERROR	0	e3b0c44298fc1c149afbf4c8996fb92427ae41e4649b934ca495991b7852b855
inferred	4f4e0b76-ab2e-4359-92f8-e67cdebc959a	ERROR	0	e3b0c44298fc1c149afbf4c8996fb92427ae41e4649b934ca495991b7852b855
inferred	51018539-2a40-44a1-b546-26c03baa9e4e	ERROR	0	e3b0c44298fc1c149afbf4c8996fb92427ae41e4649b934ca495991b7852b855
inferred	51018539-2a40-44a1-b546-26c03baa9e4e	ERROR	0	e3b0c44298fc1c149afbf4c8996fb92427ae41e4649b934ca495991b7852b855
inferred	51479006-1cbf-475a-b759-177bde3a65d8	ERROR	0	e3b0c44298fc1c149afbf4c8996fb92427ae41e4649b934ca495991b7852b855
inferred	51891776-2dc8-4a4b-ba5c-d1e5a279abb5	ERROR	0	e3b0c44298fc1c149afbf4c8996fb92427ae41e4649b934ca495991b7852b855
inferred	52d8ebc7-6c09-41b5-be7f-2373d1686be3	ERROR	0	e3b0c44298fc1c149afbf4c8996fb92427ae41e4649b934ca495991b7852b855
inferred	53da5d64-c105-1f1b-34e7-7cba7ffff457	ERROR	0	e3b0c44298fc1c149afbf4c8996fb92427ae41e4649b934ca495991b7852b855
inferred	53da5d64-c105-1f1b-34e7-7cba7ffff457	ERROR	0	e3b0c44298fc1c149afbf4c8996fb92427ae41e4649b934ca495991b7852b855
inferred	5622fcce-f014-4570-b25f-f2a3d74be9f2	ERROR	0	e3b0c44298fc1c149afbf4c8996fb92427ae41e4649b934ca495991b7852b855
inferred	5622fcce-f014-4570-b25f-f2a3d74be9f2	ERROR	0	e3b0c44298fc1c149afbf4c8996fb92427ae41e4649b934ca495991b7852b855
inferred	571f5cbb-c150-4a6f-add5-510884835720	ERROR	0	e3b0c44298fc1c149afbf4c8996fb92427ae41e4649b934ca495991b7852b855
inferred	58388c47-7807-4ba2-8be8-dc92cf930679	ERROR	0	e3b0c44298fc1c149afbf4c8996fb92427ae41e4649b934ca495991b7852b855
inferred	58388c47-7807-4ba2-8be8-dc92cf930679	ERROR	0	e3b0c44298fc1c149afbf4c8996fb92427ae41e4649b934ca495991b7852b855
inferred	583d09e9-d206-459c-8179-816d7ca19237	ERROR	0	e3b0c44298fc1c149afbf4c8996fb92427ae41e4649b934ca495991b7852b855
inferred	583d09e9-d206-459c-8179-816d7ca19237	ERROR	0	e3b0c44298fc1c149afbf4c8996fb92427ae41e4649b934ca495991b7852b855
inferred	5980c5af-f7ea-405b-837b-217a185c648a	ERROR	0	e3b0c44298fc1c149afbf4c8996fb92427ae41e4649b934ca495991b7852b855
inferred	59ab2f6a-0075-4438-83c8-065f0f8924f2	ERROR	0	e3b0c44298fc1c149afbf4c8996fb92427ae41e4649b934ca495991b7852b855
inferred	5a740c82-372c-41b5-af3f-224babf80444	ERROR	0	e3b0c44298fc1c149afbf4c8996fb92427ae41e4649b934ca495991b7852b855
inferred	5a740c82-372c-41b5-af3f-224babf80444	ERROR	0	e3b0c44298fc1c149afbf4c8996fb92427ae41e4649b934ca495991b7852b855
inferred	5bca9d39-e227-4dd4-b71d-482ad6703dee	ERROR	0	e3b0c44298fc1c149afbf4c8996fb92427ae41e4649b934ca495991b7852b855
inferred	5c0fcb70-c87f-4058-9ee5-02d3756faace	ERROR	0	e3b0c44298fc1c149afbf4c8996fb92427ae41e4649b934ca495991b7852b855
inferred	5c0fcb70-c87f-4058-9ee5-02d3756faace	ERROR	0	e3b0c44298fc1c149afbf4c8996fb92427ae41e4649b934ca495991b7852b855
inferred	5c1e3361-3410-460e-87e3-3c8b76e00c39	ERROR	0	e3b0c44298fc1c149afbf4c8996fb92427ae41e4649b934ca495991b7852b855
inferred	5d26beaf-f88b-4b6b-975f-155f4e044b41	ERROR	0	e3b0c44298fc1c149afbf4c8996fb92427ae41e4649b934ca495991b7852b855
inferred	5d26beaf-f88b-4b6b-975f-155f4e044b41	ERROR	0	e3b0c44298fc1c149afbf4c8996fb92427ae41e4649b934ca495991b7852b855
inferred	5d65c8b2-f5e3-4445-8be3-2a0484962c2e	ERROR	0	e3b0c44298fc1c149afbf4c8996fb92427ae41e4649b934ca495991b7852b855
inferred	5db62b65-c29f-4e28-8061-b31683d581e4	ERROR	0	e3b0c44298fc1c149afbf4c8996fb92427ae41e4649b934ca495991b7852b855
inferred	5e44f435-98f2-484b-bc0a-af7bc0b0c29d	ERROR	0	e3b0c44298fc1c149afbf4c8996fb92427ae41e4649b934ca495991b7852b855
inferred	5e44f435-98f2-484b-bc0a-af7bc0b0c29d	ERROR	0	e3b0c44298fc1c149afbf4c8996fb92427ae41e4649b934ca495991b7852b855
inferred	6019965b-ddb9-4a4e-9cfc-c8fecca39de8	ERROR	0	e3b0c44298fc1c149afbf4c8996fb92427ae41e4649b934ca495991b7852b855
inferred	608ab6f5-6830-4294-926a-5c3a20b62060	ERROR	0	e3b0c44298fc1c149afbf4c8996fb92427ae41e4649b934ca495991b7852b855
inferred	61826c65-bbcb-4a47-b0ed-29bb6d608b32	ERROR	0	e3b0c44298fc1c149afbf4c8996fb92427ae41e4649b934ca495991b7852b855
inferred	6245dda6-fc40-4a0e-bbad-f05fcd9aff36	WARNING	0	e3b0c44298fc1c149afbf4c8996fb92427ae41e4649b934ca495991b7852b855
inferred	6252da0e-fa44-4e9e-8497-6bea38379e07	ERROR	0	e3b0c44298fc1c149afbf4c8996fb92427ae41e4649b934ca495991b7852b855
inferred	6252da0e-fa44-4e9e-8497-6bea38379e07	ERROR	0	e3b0c44298fc1c149afbf4c8996fb92427ae41e4649b934ca495991b7852b855
inferred	62b647c7-4d06-48dd-be0d-62368875e04f	ERROR	0	e3b0c44298fc1c149afbf4c8996fb92427ae41e4649b934ca495991b7852b855
inferred	6355d014-0cd9-43f9-94c5-1724e81a1f04	ERROR	0	e3b0c44298fc1c149afbf4c8996fb92427ae41e4649b934ca495991b7852b855
inferred	6355d014-0cd9-43f9-94c5-1724e81a1f04	ERROR	0	e3b0c44298fc1c149afbf4c8996fb92427ae41e4649b934ca495991b7852b855
inferred	64031766-438d-4ad1-ba4c-29c5f22d9108	ERROR	0	e3b0c44298fc1c149afbf4c8996fb92427ae41e4649b934ca495991b7852b855
inferred	640d186b-4420-49e6-a2ae-0aeaffed85f9	ERROR	0	e3b0c44298fc1c149afbf4c8996fb92427ae41e4649b934ca495991b7852b855
inferred	64c8d4e7-4d8e-4f94-a7f0-ee8f2b162fbf	ERROR	0	e3b0c44298fc1c149afbf4c8996fb92427ae41e4649b934ca495991b7852b855
inferred	66c6a554-573e-4035-84bb-f9e9a1a6f7e4	ERROR	0	e3b0c44298fc1c149afbf4c8996fb92427ae41e4649b934ca495991b7852b855
inferred	66e4ab61-09b8-4488-a2d4-a70adffd685f	ERROR	0	e3b0c44298fc1c149afbf4c8996fb92427ae41e4649b934ca495991b7852b855
inferred	67f140a1-9811-43ec-94fa-ccc5a2a3fe64	ERROR	0	e3b0c44298fc1c149afbf4c8996fb92427ae41e4649b934ca495991b7852b855
inferred	67f140a1-9811-43ec-94fa-ccc5a2a3fe64	ERROR	0	e3b0c44298fc1c149afbf4c8996fb92427ae41e4649b934ca495991b7852b855
inferred	699b84f0-dc4a-457c-9a21-b83ff453fd1d	ERROR	0	e3b0c44298fc1c149afbf4c8996fb92427ae41e4649b934ca495991b7852b855
inferred	69b93d4f-24b4-4abe-b1f2-08602f8df1c4	ERROR	0	e3b0c44298fc1c149afbf4c8996fb92427ae41e4649b934ca495991b7852b855
inferred	6b6e3ed0-383e-4950-b7e8-ae11277663b9	ERROR	0	e3b0c44298fc1c149afbf4c8996fb92427ae41e4649b934ca495991b7852b855
inferred	6b9af327-9937-4b1f-ae1d-e9d8a03372e6	ERROR	0	e3b0c44298fc1c149afbf4c8996fb92427ae41e4649b934ca495991b7852b855
inferred	6b9af327-9937-4b1f-ae1d-e9d8a03372e6	ERROR	0	e3b0c44298fc1c149afbf4c8996fb92427ae41e4649b934ca495991b7852b855
inferred	6c72c94c-0bf9-49af-9abb-da66727b7b85	ERROR	0	e3b0c44298fc1c149afbf4c8996fb92427ae41e4649b934ca495991b7852b855
inferred	6ce73487-1c2f-4e02-9c78-5a9d5000c077	ERROR	0	e3b0c44298fc1c149afbf4c8996fb92427ae41e4649b934ca495991b7852b855
inferred	6ce73487-1c2f-4e02-9c78-5a9d5000c077	ERROR	0	e3b0c44298fc1c149afbf4c8996fb92427ae41e4649b934ca495991b7852b855
inferred	6dcb3d0d-797b-5d55-fde9-9e7efba017d6	ERROR	0	e3b0c44298fc1c149afbf4c8996fb92427ae41e4649b934ca495991b7852b855
inferred	6e2eeeb4-ec71-4080-b00e-01cbcf27ef0f	ERROR	0	e3b0c44298fc1c149afbf4c8996fb92427ae41e4649b934ca495991b7852b855
inferred	6e2eeeb4-ec71-4080-b00e-01cbcf27ef0f	ERROR	0	e3b0c44298fc1c149afbf4c8996fb92427ae41e4649b934ca495991b7852b855
inferred	6e32d687-2348-46a5-89e5-88fca64b8447	ERROR	0	e3b0c44298fc1c149afbf4c8996fb92427ae41e4649b934ca495991b7852b855
inferred	6e32d687-2348-46a5-89e5-88fca64b8447	ERROR	0	e3b0c44298fc1c149afbf4c8996fb92427ae41e4649b934ca495991b7852b855
inferred	6ed3cdaa-c373-43dc-b9a5-d934fa7f2973	ERROR	0	e3b0c44298fc1c149afbf4c8996fb92427ae41e4649b934ca495991b7852b855
inferred	6f71295f-cb0d-4a50-b672-72578f3f08d2	ERROR	0	e3b0c44298fc1c149afbf4c8996fb92427ae41e4649b934ca495991b7852b855
inferred	7076459b-0e79-460d-8dae-036f057997e3	ERROR	0	e3b0c44298fc1c149afbf4c8996fb92427ae41e4649b934ca495991b7852b855
inferred	70ff9831-a9fd-43e7-b52c-ea1d551dd4c7	ERROR	0	e3b0c44298fc1c149afbf4c8996fb92427ae41e4649b934ca495991b7852b855
inferred	72152033-0f2f-4a70-b10c-cbef23c41011	ERROR	0	e3b0c44298fc1c149afbf4c8996fb92427ae41e4649b934ca495991b7852b855
inferred	72152033-0f2f-4a70-b10c-cbef23c41011	ERROR	0	e3b0c44298fc1c149afbf4c8996fb92427ae41e4649b934ca495991b7852b855
inferred	72a0a5b4-f768-ddd7-2999-fac67937d376	ERROR	0	e3b0c44298fc1c149afbf4c8996fb92427ae41e4649b934ca495991b7852b855
inferred	73234452-0eef-4609-9b65-00c0744ef005	ERROR	0	e3b0c44298fc1c149afbf4c8996fb92427ae41e4649b934ca495991b7852b855
inferred	73234452-0eef-4609-9b65-00c0744ef005	ERROR	0	e3b0c44298fc1c149afbf4c8996fb92427ae41e4649b934ca495991b7852b855
inferred	7380db99-2dbd-4cda-8d3f-96b86a79c685	ERROR	0	e3b0c44298fc1c149afbf4c8996fb92427ae41e4649b934ca495991b7852b855
inferred	74027941-b0c4-40fc-b12e-3e58cd9cdc9e	ERROR	0	e3b0c44298fc1c149afbf4c8996fb92427ae41e4649b934ca495991b7852b855
inferred	757df33e-2e3d-50d5-7fd8-af98c0e04439	ERROR	0	e3b0c44298fc1c149afbf4c8996fb92427ae41e4649b934ca495991b7852b855
inferred	762cf268-c2f6-4138-af6f-849dbb0fc3fc	ERROR	0	e3b0c44298fc1c149afbf4c8996fb92427ae41e4649b934ca495991b7852b855
inferred	773c7698-80ab-4059-9da4-a55d0c88d0fd	ERROR	0	e3b0c44298fc1c149afbf4c8996fb92427ae41e4649b934ca495991b7852b855
inferred	78e17be5-4cc1-4885-ae5a-b74b04f5f6c4	ERROR	0	e3b0c44298fc1c149afbf4c8996fb92427ae41e4649b934ca495991b7852b855
inferred	78e17be5-4cc1-4885-ae5a-b74b04f5f6c4	ERROR	0	e3b0c44298fc1c149afbf4c8996fb92427ae41e4649b934ca495991b7852b855
inferred	79cb1aae-7943-40e8-81ae-125379645f9f	ERROR	0	e3b0c44298fc1c149afbf4c8996fb92427ae41e4649b934ca495991b7852b855
inferred	7b87904a-0156-418f-82e5-cc63d9ee034a	ERROR	0	e3b0c44298fc1c149afbf4c8996fb92427ae41e4649b934ca495991b7852b855
inferred	7bc66579-448f-479a-8ceb-628c212a107c	ERROR	0	e3b0c44298fc1c149afbf4c8996fb92427ae41e4649b934ca495991b7852b855
inferred	7bc66579-448f-479a-8ceb-628c212a107c	ERROR	0	e3b0c44298fc1c149afbf4c8996fb92427ae41e4649b934ca495991b7852b855
inferred	7c4e0681-61f0-4723-ab3f-98122fe1f40b	ERROR	0	e3b0c44298fc1c149afbf4c8996fb92427ae41e4649b934ca495991b7852b855
inferred	7c4e0681-61f0-4723-ab3f-98122fe1f40b	ERROR	0	e3b0c44298fc1c149afbf4c8996fb92427ae41e4649b934ca495991b7852b855
inferred	7c564696-4f04-490e-a195-54e4426796c3	ERROR	0	e3b0c44298fc1c149afbf4c8996fb92427ae41e4649b934ca495991b7852b855
inferred	7c564696-4f04-490e-a195-54e4426796c3	ERROR	0	e3b0c44298fc1c149afbf4c8996fb92427ae41e4649b934ca495991b7852b855
inferred	7d23e837-4e2b-45cd-b5c8-8ea9b51daae0	ERROR	0	e3b0c44298fc1c149afbf4c8996fb92427ae41e4649b934ca495991b7852b855
inferred	7d2523e4-f12b-4249-8c40-d80335604dd5	ERROR	0	e3b0c44298fc1c149afbf4c8996fb92427ae41e4649b934ca495991b7852b855
inferred	7e29d963-b054-4454-9121-8de1cffceadd	ERROR	0	e3b0c44298fc1c149afbf4c8996fb92427ae41e4649b934ca495991b7852b855
inferred	7e29d963-b054-4454-9121-8de1cffceadd	ERROR	0	e3b0c44298fc1c149afbf4c8996fb92427ae41e4649b934ca495991b7852b855
inferred	7e76895c-56e4-40e4-b150-134b5c347780	ERROR	0	e3b0c44298fc1c149afbf4c8996fb92427ae41e4649b934ca495991b7852b855
inferred	7e76895c-56e4-40e4-b150-134b5c347780	ERROR	0	e3b0c44298fc1c149afbf4c8996fb92427ae41e4649b934ca495991b7852b855
inferred	8038688b-80f5-49b3-b3d8-c6fe13f8fb1e	ERROR	0	e3b0c44298fc1c149afbf4c8996fb92427ae41e4649b934ca495991b7852b855
inferred	8038688b-80f5-49b3-b3d8-c6fe13f8fb1e	ERROR	0	e3b0c44298fc1c149afbf4c8996fb92427ae41e4649b934ca495991b7852b855
inferred	81288567-57a9-49b1-b7f0-bf5979a6d289	ERROR	0	e3b0c44298fc1c149afbf4c8996fb92427ae41e4649b934ca495991b7852b855
inferred	8160e4aa-ffd2-3452-412f-5fd2ebc13ee8	ERROR	0	e3b0c44298fc1c149afbf4c8996fb92427ae41e4649b934ca495991b7852b855
inferred	8160e4aa-ffd2-3452-412f-5fd2ebc13ee8	ERROR	0	e3b0c44298fc1c149afbf4c8996fb92427ae41e4649b934ca495991b7852b855
inferred	81da6aa5-0cb1-463f-88ad-c25a795a211b	ERROR	0	e3b0c44298fc1c149afbf4c8996fb92427ae41e4649b934ca495991b7852b855
inferred	81da6aa5-0cb1-463f-88ad-c25a795a211b	ERROR	0	e3b0c44298fc1c149afbf4c8996fb92427ae41e4649b934ca495991b7852b855
inferred	81eded9f-9769-e314-ca69-3b7e9e49c148	ERROR	0	e3b0c44298fc1c149afbf4c8996fb92427ae41e4649b934ca495991b7852b855
inferred	81eded9f-9769-e314-ca69-3b7e9e49c148	ERROR	0	e3b0c44298fc1c149afbf4c8996fb92427ae41e4649b934ca495991b7852b855
inferred	81f6d23b-66c7-46ce-b003-08380b9b236a	ERROR	0	e3b0c44298fc1c149afbf4c8996fb92427ae41e4649b934ca495991b7852b855
inferred	840861c7-8d9b-44a6-acfd-01f1b994b6d9	ERROR	0	e3b0c44298fc1c149afbf4c8996fb92427ae41e4649b934ca495991b7852b855
inferred	840861c7-8d9b-44a6-acfd-01f1b994b6d9	ERROR	0	e3b0c44298fc1c149afbf4c8996fb92427ae41e4649b934ca495991b7852b855
inferred	87e54647-dee0-4bd4-8b45-0ab0fa9fad74	ERROR	0	e3b0c44298fc1c149afbf4c8996fb92427ae41e4649b934ca495991b7852b855
inferred	87e54647-dee0-4bd4-8b45-0ab0fa9fad74	ERROR	0	e3b0c44298fc1c149afbf4c8996fb92427ae41e4649b934ca495991b7852b855
inferred	883bd314-23b7-4ccc-87d6-8067d98b3660	ERROR	0	e3b0c44298fc1c149afbf4c8996fb92427ae41e4649b934ca495991b7852b855
inferred	883bd314-23b7-4ccc-87d6-8067d98b3660	ERROR	0	e3b0c44298fc1c149afbf4c8996fb92427ae41e4649b934ca495991b7852b855
inferred	89d0a100-7140-4913-bf80-bef3bc3d8495	ERROR	0	e3b0c44298fc1c149afbf4c8996fb92427ae41e4649b934ca495991b7852b855
inferred	8a4b2de3-41cf-49a4-995e-9f80c71e0684	ERROR	0	e3b0c44298fc1c149afbf4c8996fb92427ae41e4649b934ca495991b7852b855
inferred	8ce25c12-3cc5-4ab0-84e2-fdc0a75dffed	ERROR	0	e3b0c44298fc1c149afbf4c8996fb92427ae41e4649b934ca495991b7852b855
inferred	8ce25c12-3cc5-4ab0-84e2-fdc0a75dffed	ERROR	0	e3b0c44298fc1c149afbf4c8996fb92427ae41e4649b934ca495991b7852b855
inferred	8d066b27-118d-4a84-886a-14dabceba155	ERROR	0	e3b0c44298fc1c149afbf4c8996fb92427ae41e4649b934ca495991b7852b855
inferred	8d066b27-118d-4a84-886a-14dabceba155	ERROR	0	e3b0c44298fc1c149afbf4c8996fb92427ae41e4649b934ca495991b7852b855
inferred	903d4612-9e2e-4434-94e8-eaff214f4467	ERROR	0	e3b0c44298fc1c149afbf4c8996fb92427ae41e4649b934ca495991b7852b855
inferred	9339edc2-b5f1-4e6f-9fe3-d5c09f403f4d	ERROR	0	e3b0c44298fc1c149afbf4c8996fb92427ae41e4649b934ca495991b7852b855
inferred	9339edc2-b5f1-4e6f-9fe3-d5c09f403f4d	ERROR	0	e3b0c44298fc1c149afbf4c8996fb92427ae41e4649b934ca495991b7852b855
inferred	935ca13a-f1a9-4b6a-8d03-db1d1f7c596b	ERROR	0	e3b0c44298fc1c149afbf4c8996fb92427ae41e4649b934ca495991b7852b855
inferred	935ca13a-f1a9-4b6a-8d03-db1d1f7c596b	ERROR	0	e3b0c44298fc1c149afbf4c8996fb92427ae41e4649b934ca495991b7852b855
inferred	93aa72d2-efe6-4ff8-b6a2-344c2fe44e1e	ERROR	0	e3b0c44298fc1c149afbf4c8996fb92427ae41e4649b934ca495991b7852b855
inferred	946ba1f5-8a10-4413-937e-aafd7b3940cf	ERROR	0	e3b0c44298fc1c149afbf4c8996fb92427ae41e4649b934ca495991b7852b855
inferred	946ba1f5-8a10-4413-937e-aafd7b3940cf	ERROR	0	e3b0c44298fc1c149afbf4c8996fb92427ae41e4649b934ca495991b7852b855
inferred	95339693-c5ba-0d34-115f-8385c8f7184d	ERROR	0	e3b0c44298fc1c149afbf4c8996fb92427ae41e4649b934ca495991b7852b855
inferred	96d077d2-d331-4fb6-bf38-474bd0cdfc09	ERROR	0	e3b0c44298fc1c149afbf4c8996fb92427ae41e4649b934ca495991b7852b855
inferred	9883dd72-0fdc-47bf-89d0-4f206ca7800c	ERROR	0	e3b0c44298fc1c149afbf4c8996fb92427ae41e4649b934ca495991b7852b855
inferred	98984674-6f17-40fe-8859-5ad2d0f5c09d	ERROR	0	e3b0c44298fc1c149afbf4c8996fb92427ae41e4649b934ca495991b7852b855
inferred	9ba43854-0226-48fd-baac-bfe6f19db20a	ERROR	0	e3b0c44298fc1c149afbf4c8996fb92427ae41e4649b934ca495991b7852b855
inferred	9f31fae1-65e6-4ffd-9a0d-badeaf298a8f	ERROR	0	e3b0c44298fc1c149afbf4c8996fb92427ae41e4649b934ca495991b7852b855
inferred	a079f482-e7de-4fd8-b4f9-5c8b56798676	ERROR	0	e3b0c44298fc1c149afbf4c8996fb92427ae41e4649b934ca495991b7852b855
inferred	a0a0149b-6541-4789-8645-1e7ce775bdd3	ERROR	0	e3b0c44298fc1c149afbf4c8996fb92427ae41e4649b934ca495991b7852b855
inferred	a107baf4-2724-4ef2-acd1-8f153ed31c21	ERROR	0	e3b0c44298fc1c149afbf4c8996fb92427ae41e4649b934ca495991b7852b855
inferred	a1e92414-b651-4891-a749-d66ddd17cc00	ERROR	0	e3b0c44298fc1c149afbf4c8996fb92427ae41e4649b934ca495991b7852b855
inferred	a229b0ce-3f21-48ee-8dbf-4e3e3f7e35c1	ERROR	0	e3b0c44298fc1c149afbf4c8996fb92427ae41e4649b934ca495991b7852b855
inferred	a2d96c1f-ff2f-6d29-b2d5-0ebe39281efb	ERROR	0	e3b0c44298fc1c149afbf4c8996fb92427ae41e4649b934ca495991b7852b855
inferred	a2d96c1f-ff2f-6d29-b2d5-0ebe39281efb	ERROR	0	e3b0c44298fc1c149afbf4c8996fb92427ae41e4649b934ca495991b7852b855
inferred	a549df1e-9ef3-4fa7-a29b-9b151d9a2daf	ERROR	0	e3b0c44298fc1c149afbf4c8996fb92427ae41e4649b934ca495991b7852b855
inferred	a54a5491-2986-42df-9c23-161823e88753	ERROR	0	e3b0c44298fc1c149afbf4c8996fb92427ae41e4649b934ca495991b7852b855
inferred	a54a5491-2986-42df-9c23-161823e88753	ERROR	0	e3b0c44298fc1c149afbf4c8996fb92427ae41e4649b934ca495991b7852b855
inferred	a552640a-76b4-4839-95d6-93ef42e9d149	ERROR	0	e3b0c44298fc1c149afbf4c8996fb92427ae41e4649b934ca495991b7852b855
inferred	a552640a-76b4-4839-95d6-93ef42e9d149	ERROR	0	e3b0c44298fc1c149afbf4c8996fb92427ae41e4649b934ca495991b7852b855
inferred	a720e7af-e728-7c08-8433-72a84ed387bc	ERROR	0	e3b0c44298fc1c149afbf4c8996fb92427ae41e4649b934ca495991b7852b855
inferred	a7a42fc4-31d8-4b68-9507-364a25d636f8	WARNING	0	e3b0c44298fc1c149afbf4c8996fb92427ae41e4649b934ca495991b7852b855
inferred	a8c88cca-305c-40e8-bf03-2d6d03d47755	WARNING	0	e3b0c44298fc1c149afbf4c8996fb92427ae41e4649b934ca495991b7852b855
inferred	a8c88cca-305c-40e8-bf03-2d6d03d47755	WARNING	0	e3b0c44298fc1c149afbf4c8996fb92427ae41e4649b934ca495991b7852b855
inferred	a9613ab0-1e97-4fbc-9731-b3aa68854503	ERROR	0	e3b0c44298fc1c149afbf4c8996fb92427ae41e4649b934ca495991b7852b855
inferred	a9613ab0-1e97-4fbc-9731-b3aa68854503	ERROR	0	e3b0c44298fc1c149afbf4c8996fb92427ae41e4649b934ca495991b7852b855
inferred	aa11d39e-acf7-4e29-a8a3-053b2c3fb094	ERROR	0	e3b0c44298fc1c149afbf4c8996fb92427ae41e4649b934ca495991b7852b855
inferred	aa11d39e-acf7-4e29-a8a3-053b2c3fb094	ERROR	0	e3b0c44298fc1c149afbf4c8996fb92427ae41e4649b934ca495991b7852b855
inferred	aa4f5771-214a-47ed-a399-7cc85995b94c	ERROR	0	e3b0c44298fc1c149afbf4c8996fb92427ae41e4649b934ca495991b7852b855
inferred	aadc9080-d36b-459c-ad63-e1010e3b696a	ERROR	0	e3b0c44298fc1c149afbf4c8996fb92427ae41e4649b934ca495991b7852b855
inferred	aadd7e97-b671-4d49-bfbd-0adb0c6dbcf6	ERROR	0	e3b0c44298fc1c149afbf4c8996fb92427ae41e4649b934ca495991b7852b855
inferred	abeccf84-0af3-41be-87a2-335a3bf24c62	ERROR	0	e3b0c44298fc1c149afbf4c8996fb92427ae41e4649b934ca495991b7852b855
inferred	abeccf84-0af3-41be-87a2-335a3bf24c62	ERROR	0	e3b0c44298fc1c149afbf4c8996fb92427ae41e4649b934ca495991b7852b855
inferred	ac4b01d9-493c-4e25-9efd-f8a7145cc909	ERROR	0	e3b0c44298fc1c149afbf4c8996fb92427ae41e4649b934ca495991b7852b855
inferred	acea1259-1aea-4579-82d9-d18308ebb5d4	ERROR	0	e3b0c44298fc1c149afbf4c8996fb92427ae41e4649b934ca495991b7852b855
inferred	adbbf064-83a0-4125-85a5-6409dc352888	ERROR	0	e3b0c44298fc1c149afbf4c8996fb92427ae41e4649b934ca495991b7852b855
inferred	ae7667d7-a1e7-48ca-8cd9-575aa848d94f	ERROR	0	e3b0c44298fc1c149afbf4c8996fb92427ae41e4649b934ca495991b7852b855
inferred	b3a823ef-aba5-4cf5-be9a-6c9808ad58b9	ERROR	0	e3b0c44298fc1c149afbf4c8996fb92427ae41e4649b934ca495991b7852b855
inferred	b41253a7-7b17-4acf-96a1-d784ad0a6c04	ERROR	0	e3b0c44298fc1c149afbf4c8996fb92427ae41e4649b934ca495991b7852b855
inferred	b46a7912-c065-4344-8d43-4df87105be44	ERROR	0	e3b0c44298fc1c149afbf4c8996fb92427ae41e4649b934ca495991b7852b855
inferred	b46a7912-c065-4344-8d43-4df87105be44	ERROR	0	e3b0c44298fc1c149afbf4c8996fb92427ae41e4649b934ca495991b7852b855
inferred	b4850e9e-fe74-4fa7-b754-113953d67a3a	ERROR	0	e3b0c44298fc1c149afbf4c8996fb92427ae41e4649b934ca495991b7852b855
inferred	b4850e9e-fe74-4fa7-b754-113953d67a3a	ERROR	0	e3b0c44298fc1c149afbf4c8996fb92427ae41e4649b934ca495991b7852b855
inferred	b4e60ee9-55d6-4ba9-aeb7-6377fc06e902	ERROR	0	e3b0c44298fc1c149afbf4c8996fb92427ae41e4649b934ca495991b7852b855
inferred	b572e47d-dd27-4dcf-9f3d-2171299ce2fc	ERROR	0	e3b0c44298fc1c149afbf4c8996fb92427ae41e4649b934ca495991b7852b855
inferred	b78bf7ce-5a3b-44b7-abb7-8bb1404383b1	ERROR	0	e3b0c44298fc1c149afbf4c8996fb92427ae41e4649b934ca495991b7852b855
inferred	b78bf7ce-5a3b-44b7-abb7-8bb1404383b1	ERROR	0	e3b0c44298fc1c149afbf4c8996fb92427ae41e4649b934ca495991b7852b855
inferred	b8a616e8-9752-43ce-bb7f-f68d2537dc1b	ERROR	1	f473acc6bbea475a86f27f476c8fc3ba5074ce8fa517194edcec18f29506b97a
inferred	bc2117fb-e9cd-44d1-a48f-1e4a4b09486a	ERROR	0	e3b0c44298fc1c149afbf4c8996fb92427ae41e4649b934ca495991b7852b855
inferred	bdb62005-506f-4088-9bba-bedd410f23a3	ERROR	0	e3b0c44298fc1c149afbf4c8996fb92427ae41e4649b934ca495991b7852b855
inferred	bf232736-952c-478c-93b4-9d1646a650a7	ERROR	0	e3b0c44298fc1c149afbf4c8996fb92427ae41e4649b934ca495991b7852b855
inferred	bf232736-952c-478c-93b4-9d1646a650a7	ERROR	0	e3b0c44298fc1c149afbf4c8996fb92427ae41e4649b934ca495991b7852b855
inferred	c07eb2e4-2c6b-4b3e-8ff3-813e82997b06	ERROR	0	e3b0c44298fc1c149afbf4c8996fb92427ae41e4649b934ca495991b7852b855
inferred	c085bc43-e1cd-4330-9e96-adcad18e2bfc	ERROR	0	e3b0c44298fc1c149afbf4c8996fb92427ae41e4649b934ca495991b7852b855
inferred	c090d040-7bf0-4505-83b3-d628fa0b49cd	ERROR	0	e3b0c44298fc1c149afbf4c8996fb92427ae41e4649b934ca495991b7852b855
inferred	c0ae2a31-9d84-45ba-ab4e-c007a1886b35	ERROR	0	e3b0c44298fc1c149afbf4c8996fb92427ae41e4649b934ca495991b7852b855
inferred	c3c84f02-877a-4dac-95bc-04e6331d4d06	ERROR	0	e3b0c44298fc1c149afbf4c8996fb92427ae41e4649b934ca495991b7852b855
inferred	c6495cbd-6e08-47bc-b8a4-6932596ea14e	ERROR	0	e3b0c44298fc1c149afbf4c8996fb92427ae41e4649b934ca495991b7852b855
inferred	c6bf1b10-9a0d-4e1f-bd69-6f5097856224	ERROR	0	e3b0c44298fc1c149afbf4c8996fb92427ae41e4649b934ca495991b7852b855
inferred	c74ad05b-198e-4502-bf25-7fa1136e475a	ERROR	0	e3b0c44298fc1c149afbf4c8996fb92427ae41e4649b934ca495991b7852b855
inferred	c74ad05b-198e-4502-bf25-7fa1136e475a	ERROR	0	e3b0c44298fc1c149afbf4c8996fb92427ae41e4649b934ca495991b7852b855
inferred	c7599c64-e54d-447e-a8ea-f051e19fe312	ERROR	0	e3b0c44298fc1c149afbf4c8996fb92427ae41e4649b934ca495991b7852b855
inferred	c9036ba8-f6cc-48fc-91f4-3dd3a85c32e4	ERROR	0	e3b0c44298fc1c149afbf4c8996fb92427ae41e4649b934ca495991b7852b855
inferred	c9036ba8-f6cc-48fc-91f4-3dd3a85c32e4	ERROR	0	e3b0c44298fc1c149afbf4c8996fb92427ae41e4649b934ca495991b7852b855
inferred	c91edb18-4e91-4dfe-98a0-49a4184e2fe4	ERROR	0	e3b0c44298fc1c149afbf4c8996fb92427ae41e4649b934ca495991b7852b855
inferred	c91edb18-4e91-4dfe-98a0-49a4184e2fe4	ERROR	0	e3b0c44298fc1c149afbf4c8996fb92427ae41e4649b934ca495991b7852b855
inferred	c941e910-e873-44c5-9dfe-fe798416f804	ERROR	0	e3b0c44298fc1c149afbf4c8996fb92427ae41e4649b934ca495991b7852b855
inferred	c941e910-e873-44c5-9dfe-fe798416f804	ERROR	0	e3b0c44298fc1c149afbf4c8996fb92427ae41e4649b934ca495991b7852b855
inferred	cb89b500-c4d3-42f1-8c43-5c62101fb704	ERROR	0	e3b0c44298fc1c149afbf4c8996fb92427ae41e4649b934ca495991b7852b855
inferred	cb89b500-c4d3-42f1-8c43-5c62101fb704	ERROR	0	e3b0c44298fc1c149afbf4c8996fb92427ae41e4649b934ca495991b7852b855
inferred	cd17911f-12f1-4562-9812-55e624339752	ERROR	0	e3b0c44298fc1c149afbf4c8996fb92427ae41e4649b934ca495991b7852b855
inferred	cd63078d-5d84-45fd-94c0-098128f2e0ce	ERROR	0	e3b0c44298fc1c149afbf4c8996fb92427ae41e4649b934ca495991b7852b855
inferred	cd63078d-5d84-45fd-94c0-098128f2e0ce	ERROR	0	e3b0c44298fc1c149afbf4c8996fb92427ae41e4649b934ca495991b7852b855
inferred	ce71ef61-adb3-42fb-833e-ef774a6f74fa	ERROR	0	e3b0c44298fc1c149afbf4c8996fb92427ae41e4649b934ca495991b7852b855
inferred	ce71ef61-adb3-42fb-833e-ef774a6f74fa	ERROR	0	e3b0c44298fc1c149afbf4c8996fb92427ae41e4649b934ca495991b7852b855
inferred	d00830b0-6e17-418a-861c-e7e3da9d1f39	ERROR	0	e3b0c44298fc1c149afbf4c8996fb92427ae41e4649b934ca495991b7852b855
inferred	d06ee38b-7d22-0815-041d-679c55d8b318	ERROR	0	e3b0c44298fc1c149afbf4c8996fb92427ae41e4649b934ca495991b7852b855
inferred	d0d53655-b6c4-4801-9f1f-c8723d8220ee	ERROR	0	e3b0c44298fc1c149afbf4c8996fb92427ae41e4649b934ca495991b7852b855
inferred	d0d53655-b6c4-4801-9f1f-c8723d8220ee	ERROR	0	e3b0c44298fc1c149afbf4c8996fb92427ae41e4649b934ca495991b7852b855
inferred	d105caa4-0312-48cc-ab0c-d93de4fe4c4e	ERROR	0	e3b0c44298fc1c149afbf4c8996fb92427ae41e4649b934ca495991b7852b855
inferred	d21a8cae-3730-11ee-bb0f-040300000000	ERROR	0	e3b0c44298fc1c149afbf4c8996fb92427ae41e4649b934ca495991b7852b855
inferred	d21a8cae-3730-11ee-bb0f-040300000000	ERROR	0	e3b0c44298fc1c149afbf4c8996fb92427ae41e4649b934ca495991b7852b855
inferred	d21a8cc1-3730-11ee-bb0f-040300000000	ERROR	0	e3b0c44298fc1c149afbf4c8996fb92427ae41e4649b934ca495991b7852b855
inferred	d21a8cc1-3730-11ee-bb0f-040300000000	ERROR	0	e3b0c44298fc1c149afbf4c8996fb92427ae41e4649b934ca495991b7852b855
inferred	d21a8cc7-3730-11ee-bb0f-040300000000	ERROR	0	e3b0c44298fc1c149afbf4c8996fb92427ae41e4649b934ca495991b7852b855
inferred	d21a8cc7-3730-11ee-bb0f-040300000000	ERROR	0	e3b0c44298fc1c149afbf4c8996fb92427ae41e4649b934ca495991b7852b855
inferred	d21a8ccc-3730-11ee-bb0f-040300000000	ERROR	0	e3b0c44298fc1c149afbf4c8996fb92427ae41e4649b934ca495991b7852b855
inferred	d21a8ccc-3730-11ee-bb0f-040300000000	ERROR	0	e3b0c44298fc1c149afbf4c8996fb92427ae41e4649b934ca495991b7852b855
inferred	d21a8cd0-3730-11ee-bb0f-040300000000	ERROR	0	e3b0c44298fc1c149afbf4c8996fb92427ae41e4649b934ca495991b7852b855
inferred	d21a8cd0-3730-11ee-bb0f-040300000000	ERROR	0	e3b0c44298fc1c149afbf4c8996fb92427ae41e4649b934ca495991b7852b855
inferred	d21a8cd5-3730-11ee-bb0f-040300000000	ERROR	0	e3b0c44298fc1c149afbf4c8996fb92427ae41e4649b934ca495991b7852b855
inferred	d21a8cd5-3730-11ee-bb0f-040300000000	ERROR	0	e3b0c44298fc1c149afbf4c8996fb92427ae41e4649b934ca495991b7852b855
inferred	d21a8cda-3730-11ee-bb0f-040300000000	ERROR	0	e3b0c44298fc1c149afbf4c8996fb92427ae41e4649b934ca495991b7852b855
inferred	d21a8cda-3730-11ee-bb0f-040300000000	ERROR	0	e3b0c44298fc1c149afbf4c8996fb92427ae41e4649b934ca495991b7852b855
inferred	d21a8cda-3730-11ee-bb0f-040300000000	ERROR	0	e3b0c44298fc1c149afbf4c8996fb92427ae41e4649b934ca495991b7852b855
inferred	d21a8cdf-3730-11ee-bb0f-040300000000	ERROR	0	e3b0c44298fc1c149afbf4c8996fb92427ae41e4649b934ca495991b7852b855
inferred	d21a8cdf-3730-11ee-bb0f-040300000000	ERROR	0	e3b0c44298fc1c149afbf4c8996fb92427ae41e4649b934ca495991b7852b855
inferred	d21a8cdf-3730-11ee-bb0f-040300000000	ERROR	0	e3b0c44298fc1c149afbf4c8996fb92427ae41e4649b934ca495991b7852b855
inferred	d21a8ce3-3730-11ee-bb0f-040300000000	ERROR	0	e3b0c44298fc1c149afbf4c8996fb92427ae41e4649b934ca495991b7852b855
inferred	d21a8ce3-3730-11ee-bb0f-040300000000	ERROR	0	e3b0c44298fc1c149afbf4c8996fb92427ae41e4649b934ca495991b7852b855
inferred	d21a8ce7-3730-11ee-bb0f-040300000000	ERROR	0	e3b0c44298fc1c149afbf4c8996fb92427ae41e4649b934ca495991b7852b855
inferred	d21a8ce7-3730-11ee-bb0f-040300000000	ERROR	0	e3b0c44298fc1c149afbf4c8996fb92427ae41e4649b934ca495991b7852b855
inferred	d21a8ceb-3730-11ee-bb0f-040300000000	ERROR	0	e3b0c44298fc1c149afbf4c8996fb92427ae41e4649b934ca495991b7852b855
inferred	d21a8ceb-3730-11ee-bb0f-040300000000	ERROR	0	e3b0c44298fc1c149afbf4c8996fb92427ae41e4649b934ca495991b7852b855
inferred	d21a8cf0-3730-11ee-bb0f-040300000000	ERROR	0	e3b0c44298fc1c149afbf4c8996fb92427ae41e4649b934ca495991b7852b855
inferred	d21a8cf0-3730-11ee-bb0f-040300000000	ERROR	0	e3b0c44298fc1c149afbf4c8996fb92427ae41e4649b934ca495991b7852b855
inferred	d21a8cf4-3730-11ee-bb0f-040300000000	ERROR	0	e3b0c44298fc1c149afbf4c8996fb92427ae41e4649b934ca495991b7852b855
inferred	d21a8cf8-3730-11ee-bb0f-040300000000	ERROR	0	e3b0c44298fc1c149afbf4c8996fb92427ae41e4649b934ca495991b7852b855
inferred	d21a8cfc-3730-11ee-bb0f-040300000000	ERROR	0	e3b0c44298fc1c149afbf4c8996fb92427ae41e4649b934ca495991b7852b855
inferred	d21a8cfc-3730-11ee-bb0f-040300000000	ERROR	0	e3b0c44298fc1c149afbf4c8996fb92427ae41e4649b934ca495991b7852b855
inferred	d21a8d01-3730-11ee-bb0f-040300000000	ERROR	0	e3b0c44298fc1c149afbf4c8996fb92427ae41e4649b934ca495991b7852b855
inferred	d21a8d01-3730-11ee-bb0f-040300000000	ERROR	0	e3b0c44298fc1c149afbf4c8996fb92427ae41e4649b934ca495991b7852b855
inferred	d21a8d05-3730-11ee-bb0f-040300000000	ERROR	0	e3b0c44298fc1c149afbf4c8996fb92427ae41e4649b934ca495991b7852b855
inferred	d21a8d05-3730-11ee-bb0f-040300000000	ERROR	0	e3b0c44298fc1c149afbf4c8996fb92427ae41e4649b934ca495991b7852b855
inferred	d21a8d09-3730-11ee-bb0f-040300000000	ERROR	0	e3b0c44298fc1c149afbf4c8996fb92427ae41e4649b934ca495991b7852b855
inferred	d21a8d09-3730-11ee-bb0f-040300000000	ERROR	0	e3b0c44298fc1c149afbf4c8996fb92427ae41e4649b934ca495991b7852b855
inferred	d21a8d0e-3730-11ee-bb0f-040300000000	ERROR	0	e3b0c44298fc1c149afbf4c8996fb92427ae41e4649b934ca495991b7852b855
inferred	d21a8d0e-3730-11ee-bb0f-040300000000	ERROR	0	e3b0c44298fc1c149afbf4c8996fb92427ae41e4649b934ca495991b7852b855
inferred	d21a8d13-3730-11ee-bb0f-040300000000	ERROR	0	e3b0c44298fc1c149afbf4c8996fb92427ae41e4649b934ca495991b7852b855
inferred	d21a8d13-3730-11ee-bb0f-040300000000	ERROR	0	e3b0c44298fc1c149afbf4c8996fb92427ae41e4649b934ca495991b7852b855
inferred	d21a8d17-3730-11ee-bb0f-040300000000	ERROR	0	e3b0c44298fc1c149afbf4c8996fb92427ae41e4649b934ca495991b7852b855
inferred	d21a8d17-3730-11ee-bb0f-040300000000	ERROR	0	e3b0c44298fc1c149afbf4c8996fb92427ae41e4649b934ca495991b7852b855
inferred	d21a8d1b-3730-11ee-bb0f-040300000000	ERROR	0	e3b0c44298fc1c149afbf4c8996fb92427ae41e4649b934ca495991b7852b855
inferred	d21a8d1b-3730-11ee-bb0f-040300000000	ERROR	0	e3b0c44298fc1c149afbf4c8996fb92427ae41e4649b934ca495991b7852b855
inferred	d21a8d1f-3730-11ee-bb0f-040300000000	ERROR	0	e3b0c44298fc1c149afbf4c8996fb92427ae41e4649b934ca495991b7852b855
inferred	d21a8d1f-3730-11ee-bb0f-040300000000	ERROR	0	e3b0c44298fc1c149afbf4c8996fb92427ae41e4649b934ca495991b7852b855
inferred	d21a8d23-3730-11ee-bb0f-040300000000	ERROR	0	e3b0c44298fc1c149afbf4c8996fb92427ae41e4649b934ca495991b7852b855
inferred	d21a8d23-3730-11ee-bb0f-040300000000	ERROR	0	e3b0c44298fc1c149afbf4c8996fb92427ae41e4649b934ca495991b7852b855
inferred	d21a8d28-3730-11ee-bb0f-040300000000	ERROR	0	e3b0c44298fc1c149afbf4c8996fb92427ae41e4649b934ca495991b7852b855
inferred	d21a8d28-3730-11ee-bb0f-040300000000	ERROR	0	e3b0c44298fc1c149afbf4c8996fb92427ae41e4649b934ca495991b7852b855
inferred	d21a8d30-3730-11ee-bb0f-040300000000	ERROR	0	e3b0c44298fc1c149afbf4c8996fb92427ae41e4649b934ca495991b7852b855
inferred	d21a8d35-3730-11ee-bb0f-040300000000	ERROR	0	e3b0c44298fc1c149afbf4c8996fb92427ae41e4649b934ca495991b7852b855
inferred	d21a8d3d-3730-11ee-bb0f-040300000000	ERROR	0	e3b0c44298fc1c149afbf4c8996fb92427ae41e4649b934ca495991b7852b855
inferred	d21a8d41-3730-11ee-bb0f-040300000000	ERROR	0	e3b0c44298fc1c149afbf4c8996fb92427ae41e4649b934ca495991b7852b855
inferred	d21a8d45-3730-11ee-bb0f-040300000000	ERROR	0	e3b0c44298fc1c149afbf4c8996fb92427ae41e4649b934ca495991b7852b855
inferred	d21a8d4a-3730-11ee-bb0f-040300000000	ERROR	0	e3b0c44298fc1c149afbf4c8996fb92427ae41e4649b934ca495991b7852b855
inferred	d21a8d4e-3730-11ee-bb0f-040300000000	ERROR	0	e3b0c44298fc1c149afbf4c8996fb92427ae41e4649b934ca495991b7852b855
inferred	d21a8d52-3730-11ee-bb0f-040300000000	ERROR	0	e3b0c44298fc1c149afbf4c8996fb92427ae41e4649b934ca495991b7852b855
inferred	d21a8d52-3730-11ee-bb0f-040300000000	ERROR	0	e3b0c44298fc1c149afbf4c8996fb92427ae41e4649b934ca495991b7852b855
inferred	d21a8d56-3730-11ee-bb0f-040300000000	ERROR	0	e3b0c44298fc1c149afbf4c8996fb92427ae41e4649b934ca495991b7852b855
inferred	d21a8d5d-3730-11ee-bb0f-040300000000	ERROR	0	e3b0c44298fc1c149afbf4c8996fb92427ae41e4649b934ca495991b7852b855
inferred	d21a8d5d-3730-11ee-bb0f-040300000000	ERROR	0	e3b0c44298fc1c149afbf4c8996fb92427ae41e4649b934ca495991b7852b855
inferred	d21a8d61-3730-11ee-bb0f-040300000000	ERROR	0	e3b0c44298fc1c149afbf4c8996fb92427ae41e4649b934ca495991b7852b855
inferred	d21a8d65-3730-11ee-bb0f-040300000000	ERROR	0	e3b0c44298fc1c149afbf4c8996fb92427ae41e4649b934ca495991b7852b855
inferred	d21a8d65-3730-11ee-bb0f-040300000000	ERROR	2	7934973d4ac7d854d3cd48123f37d736291ea75022c4aa904b254733c6d0fee6
inferred	d21a8d69-3730-11ee-bb0f-040300000000	ERROR	0	e3b0c44298fc1c149afbf4c8996fb92427ae41e4649b934ca495991b7852b855
inferred	d21a8d6d-3730-11ee-bb0f-040300000000	ERROR	0	e3b0c44298fc1c149afbf4c8996fb92427ae41e4649b934ca495991b7852b855
inferred	d21a8d72-3730-11ee-bb0f-040300000000	ERROR	0	e3b0c44298fc1c149afbf4c8996fb92427ae41e4649b934ca495991b7852b855
inferred	d21a8d76-3730-11ee-bb0f-040300000000	ERROR	0	e3b0c44298fc1c149afbf4c8996fb92427ae41e4649b934ca495991b7852b855
inferred	d21a8d76-3730-11ee-bb0f-040300000000	ERROR	0	e3b0c44298fc1c149afbf4c8996fb92427ae41e4649b934ca495991b7852b855
inferred	d21a8d7a-3730-11ee-bb0f-040300000000	ERROR	0	e3b0c44298fc1c149afbf4c8996fb92427ae41e4649b934ca495991b7852b855
inferred	d21a8d7a-3730-11ee-bb0f-040300000000	ERROR	0	e3b0c44298fc1c149afbf4c8996fb92427ae41e4649b934ca495991b7852b855
inferred	d21a8d7e-3730-11ee-bb0f-040300000000	ERROR	0	e3b0c44298fc1c149afbf4c8996fb92427ae41e4649b934ca495991b7852b855
inferred	d21a8d7e-3730-11ee-bb0f-040300000000	ERROR	0	e3b0c44298fc1c149afbf4c8996fb92427ae41e4649b934ca495991b7852b855
inferred	d226e47d-1cb1-4342-9f5a-a567357cd9ba	ERROR	0	e3b0c44298fc1c149afbf4c8996fb92427ae41e4649b934ca495991b7852b855
inferred	d226e47d-1cb1-4342-9f5a-a567357cd9ba	ERROR	0	e3b0c44298fc1c149afbf4c8996fb92427ae41e4649b934ca495991b7852b855
inferred	d2520060-1aaf-494f-a633-746f869baff0	ERROR	0	e3b0c44298fc1c149afbf4c8996fb92427ae41e4649b934ca495991b7852b855
inferred	d2520060-1aaf-494f-a633-746f869baff0	ERROR	0	e3b0c44298fc1c149afbf4c8996fb92427ae41e4649b934ca495991b7852b855
inferred	d2b49199-0139-4b5f-a6b5-6f7fbb4468ac	ERROR	0	e3b0c44298fc1c149afbf4c8996fb92427ae41e4649b934ca495991b7852b855
inferred	d2b49199-0139-4b5f-a6b5-6f7fbb4468ac	ERROR	0	e3b0c44298fc1c149afbf4c8996fb92427ae41e4649b934ca495991b7852b855
inferred	d64f229c-4721-4fba-b71c-12bf49e13013	ERROR	0	e3b0c44298fc1c149afbf4c8996fb92427ae41e4649b934ca495991b7852b855
inferred	d64f229c-4721-4fba-b71c-12bf49e13013	ERROR	0	e3b0c44298fc1c149afbf4c8996fb92427ae41e4649b934ca495991b7852b855
inferred	d6c20749-3934-4097-b5b2-a1b9a9cf89f4	ERROR	0	e3b0c44298fc1c149afbf4c8996fb92427ae41e4649b934ca495991b7852b855
inferred	d8dbdc04-3072-438e-9584-58191520d37d	WARNING	2	b2320499e705a9f21494ee3959206b17d1472e6015a45ebb70be7b5ac1c96c6e
inferred	d9d33265-0eb8-48ae-b85c-142c558c7ba0	ERROR	0	e3b0c44298fc1c149afbf4c8996fb92427ae41e4649b934ca495991b7852b855
inferred	daaeb81e-e13e-471f-bfca-dc249537ebe0	ERROR	0	e3b0c44298fc1c149afbf4c8996fb92427ae41e4649b934ca495991b7852b855
inferred	daaeb81e-e13e-471f-bfca-dc249537ebe0	ERROR	0	e3b0c44298fc1c149afbf4c8996fb92427ae41e4649b934ca495991b7852b855
inferred	dc883013-768a-406e-ac8f-7b92942d5a75	ERROR	0	e3b0c44298fc1c149afbf4c8996fb92427ae41e4649b934ca495991b7852b855
inferred	dc883013-768a-406e-ac8f-7b92942d5a75	ERROR	0	e3b0c44298fc1c149afbf4c8996fb92427ae41e4649b934ca495991b7852b855
inferred	de1e359a-9fad-4769-be27-e12b161a51ca	ERROR	0	e3b0c44298fc1c149afbf4c8996fb92427ae41e4649b934ca495991b7852b855
inferred	de461238-9a7f-d34b-b5ca-62577545c8f9	ERROR	0	e3b0c44298fc1c149afbf4c8996fb92427ae41e4649b934ca495991b7852b855
inferred	de461238-9a7f-d34b-b5ca-62577545c8f9	ERROR	0	e3b0c44298fc1c149afbf4c8996fb92427ae41e4649b934ca495991b7852b855
inferred	de805494-83ba-4581-bed8-9a1a6bfc6460	ERROR	0	e3b0c44298fc1c149afbf4c8996fb92427ae41e4649b934ca495991b7852b855
inferred	de904afb-2bbb-47cb-8ff7-cb6509608007	ERROR	0	e3b0c44298fc1c149afbf4c8996fb92427ae41e4649b934ca495991b7852b855
inferred	def65631-9563-4be4-b342-0b87add14593	ERROR	0	e3b0c44298fc1c149afbf4c8996fb92427ae41e4649b934ca495991b7852b855
inferred	def65631-9563-4be4-b342-0b87add14593	ERROR	0	e3b0c44298fc1c149afbf4c8996fb92427ae41e4649b934ca495991b7852b855
inferred	dfeb4481-9163-4043-9635-8427326fa522	ERROR	0	e3b0c44298fc1c149afbf4c8996fb92427ae41e4649b934ca495991b7852b855
inferred	dfeb4481-9163-4043-9635-8427326fa522	ERROR	0	e3b0c44298fc1c149afbf4c8996fb92427ae41e4649b934ca495991b7852b855
inferred	e0efda58-d96c-787c-49eb-016266377385	ERROR	0	e3b0c44298fc1c149afbf4c8996fb92427ae41e4649b934ca495991b7852b855
inferred	e14b0f85-7823-405b-94f1-acd35d627469	ERROR	0	e3b0c44298fc1c149afbf4c8996fb92427ae41e4649b934ca495991b7852b855
inferred	e14b0f85-7823-405b-94f1-acd35d627469	ERROR	0	e3b0c44298fc1c149afbf4c8996fb92427ae41e4649b934ca495991b7852b855
inferred	e162bc5e-18f5-4e7d-9504-db8c0a6cf323	ERROR	0	e3b0c44298fc1c149afbf4c8996fb92427ae41e4649b934ca495991b7852b855
inferred	e162bc5e-18f5-4e7d-9504-db8c0a6cf323	ERROR	0	e3b0c44298fc1c149afbf4c8996fb92427ae41e4649b934ca495991b7852b855
inferred	e2267903-5c91-4596-9bdb-662b85f4206b	ERROR	0	e3b0c44298fc1c149afbf4c8996fb92427ae41e4649b934ca495991b7852b855
inferred	e25ae83a-4da4-4c87-b254-f5399dd9b088	ERROR	0	e3b0c44298fc1c149afbf4c8996fb92427ae41e4649b934ca495991b7852b855
inferred	e4cb759c-6723-414c-857d-70f11c88498a	ERROR	0	e3b0c44298fc1c149afbf4c8996fb92427ae41e4649b934ca495991b7852b855
inferred	e4cb759c-6723-414c-857d-70f11c88498a	ERROR	0	e3b0c44298fc1c149afbf4c8996fb92427ae41e4649b934ca495991b7852b855
inferred	e54095b9-2f89-43a8-ad34-54886d5b3307	ERROR	0	e3b0c44298fc1c149afbf4c8996fb92427ae41e4649b934ca495991b7852b855
inferred	e5945adf-c075-4fb7-8f1b-515a124326cf	ERROR	0	e3b0c44298fc1c149afbf4c8996fb92427ae41e4649b934ca495991b7852b855
inferred	e68a4cea-c590-891a-a43b-e5d3ebb39af6	ERROR	0	e3b0c44298fc1c149afbf4c8996fb92427ae41e4649b934ca495991b7852b855
inferred	e78ab04a-d559-42b7-8de1-edb6cba4f594	ERROR	0	e3b0c44298fc1c149afbf4c8996fb92427ae41e4649b934ca495991b7852b855
inferred	e78ab04a-d559-42b7-8de1-edb6cba4f594	ERROR	0	e3b0c44298fc1c149afbf4c8996fb92427ae41e4649b934ca495991b7852b855
inferred	e815b571-999f-4c81-bd17-d27a17d12fb7	ERROR	0	e3b0c44298fc1c149afbf4c8996fb92427ae41e4649b934ca495991b7852b855
inferred	e89e3af9-8e8b-41c1-ba0a-e59e819202e2	ERROR	0	e3b0c44298fc1c149afbf4c8996fb92427ae41e4649b934ca495991b7852b855
inferred	e8cee440-5eda-7717-505f-69d3727b855b	ERROR	0	e3b0c44298fc1c149afbf4c8996fb92427ae41e4649b934ca495991b7852b855
inferred	e8cee440-5eda-7717-505f-69d3727b855b	ERROR	0	e3b0c44298fc1c149afbf4c8996fb92427ae41e4649b934ca495991b7852b855
inferred	e8ec5f5c-a9e0-4241-912d-8ea9331cce91	ERROR	0	e3b0c44298fc1c149afbf4c8996fb92427ae41e4649b934ca495991b7852b855
inferred	e917a2c2-8e83-9295-7249-909a58bdc08d	ERROR	0	e3b0c44298fc1c149afbf4c8996fb92427ae41e4649b934ca495991b7852b855
inferred	e93f6b69-d212-44eb-a03f-51f807642e66	ERROR	0	e3b0c44298fc1c149afbf4c8996fb92427ae41e4649b934ca495991b7852b855
inferred	e963dc10-d1f7-4748-b4c9-8e955dae52d6	ERROR	0	e3b0c44298fc1c149afbf4c8996fb92427ae41e4649b934ca495991b7852b855
inferred	e963dc10-d1f7-4748-b4c9-8e955dae52d6	ERROR	0	e3b0c44298fc1c149afbf4c8996fb92427ae41e4649b934ca495991b7852b855
inferred	e96eade2-42ce-4c5c-8585-ad80b8dd7b41	ERROR	0	e3b0c44298fc1c149afbf4c8996fb92427ae41e4649b934ca495991b7852b855
inferred	e96eade2-42ce-4c5c-8585-ad80b8dd7b41	ERROR	0	e3b0c44298fc1c149afbf4c8996fb92427ae41e4649b934ca495991b7852b855
inferred	eaa637bc-02b2-4245-897c-1f7b0160a3a0	ERROR	0	e3b0c44298fc1c149afbf4c8996fb92427ae41e4649b934ca495991b7852b855
inferred	eaea2afa-732c-42d2-a228-f8541b883986	ERROR	0	e3b0c44298fc1c149afbf4c8996fb92427ae41e4649b934ca495991b7852b855
inferred	ecab61a9-4af1-43fc-acfd-1cefbab47b89	ERROR	0	e3b0c44298fc1c149afbf4c8996fb92427ae41e4649b934ca495991b7852b855
inferred	ee13b298-b35b-454f-a91c-d38bec618267	WARNING	0	e3b0c44298fc1c149afbf4c8996fb92427ae41e4649b934ca495991b7852b855
inferred	ee495798-e760-481a-9961-3b92b5b0c808	ERROR	0	e3b0c44298fc1c149afbf4c8996fb92427ae41e4649b934ca495991b7852b855
inferred	efbe234f-5cf4-4031-bb75-1301b1750e64	ERROR	0	e3b0c44298fc1c149afbf4c8996fb92427ae41e4649b934ca495991b7852b855
inferred	efd2d4f8-8230-41bc-9755-4351cce89a0a	ERROR	0	e3b0c44298fc1c149afbf4c8996fb92427ae41e4649b934ca495991b7852b855
inferred	eff63f60-23fa-9b76-06af-f42ee079fc9f	ERROR	0	e3b0c44298fc1c149afbf4c8996fb92427ae41e4649b934ca495991b7852b855
inferred	eff63f60-23fa-9b76-06af-f42ee079fc9f	ERROR	0	e3b0c44298fc1c149afbf4c8996fb92427ae41e4649b934ca495991b7852b855
inferred	f0123ad7-6835-455c-823e-9a56003ff0a7	ERROR	0	e3b0c44298fc1c149afbf4c8996fb92427ae41e4649b934ca495991b7852b855
inferred	f19b3472-2c1e-44c1-9551-758eb38b3365	ERROR	0	e3b0c44298fc1c149afbf4c8996fb92427ae41e4649b934ca495991b7852b855
inferred	f1e53337-f080-448f-b272-5b6eae399714	ERROR	0	e3b0c44298fc1c149afbf4c8996fb92427ae41e4649b934ca495991b7852b855
inferred	f1e53337-f080-448f-b272-5b6eae399714	ERROR	0	e3b0c44298fc1c149afbf4c8996fb92427ae41e4649b934ca495991b7852b855
inferred	f2578aa6-665f-461e-9ad1-48658d36c711	ERROR	0	e3b0c44298fc1c149afbf4c8996fb92427ae41e4649b934ca495991b7852b855
inferred	f27821d1-923d-4361-bbf8-504fb5bfc87a	ERROR	0	e3b0c44298fc1c149afbf4c8996fb92427ae41e4649b934ca495991b7852b855
inferred	f27821d1-923d-4361-bbf8-504fb5bfc87a	ERROR	0	e3b0c44298fc1c149afbf4c8996fb92427ae41e4649b934ca495991b7852b855
inferred	f3320d04-a08a-4606-9215-b6bda89fc654	ERROR	0	e3b0c44298fc1c149afbf4c8996fb92427ae41e4649b934ca495991b7852b855
inferred	f3320d04-a08a-4606-9215-b6bda89fc654	ERROR	0	e3b0c44298fc1c149afbf4c8996fb92427ae41e4649b934ca495991b7852b855
inferred	f3a97490-6c74-404e-a3e9-436b7d4ca2a1	ERROR	0	e3b0c44298fc1c149afbf4c8996fb92427ae41e4649b934ca495991b7852b855
inferred	f3a97490-6c74-404e-a3e9-436b7d4ca2a1	ERROR	0	e3b0c44298fc1c149afbf4c8996fb92427ae41e4649b934ca495991b7852b855
inferred	f481c372-2d43-4db9-becb-4f5cb530792a	ERROR	0	e3b0c44298fc1c149afbf4c8996fb92427ae41e4649b934ca495991b7852b855
inferred	f4b8b01a-1c4a-4f58-8459-6ad920684f5e	ERROR	0	e3b0c44298fc1c149afbf4c8996fb92427ae41e4649b934ca495991b7852b855
inferred	f515d338-e39d-4f81-9f66-8927a214da16	ERROR	0	e3b0c44298fc1c149afbf4c8996fb92427ae41e4649b934ca495991b7852b855
inferred	f58d75aa-599a-42e7-9f35-31a9c8a7d6d9	ERROR	0	e3b0c44298fc1c149afbf4c8996fb92427ae41e4649b934ca495991b7852b855
inferred	f5a58824-627b-4d4a-ad95-a72ccc2ed396	ERROR	0	e3b0c44298fc1c149afbf4c8996fb92427ae41e4649b934ca495991b7852b855
inferred	f80a5aeb-972e-4378-b554-b401b1e5c50f	ERROR	0	e3b0c44298fc1c149afbf4c8996fb92427ae41e4649b934ca495991b7852b855
inferred	f926dadf-6918-432a-b029-597186d86238	ERROR	0	e3b0c44298fc1c149afbf4c8996fb92427ae41e4649b934ca495991b7852b855
inferred	f9ba853d-f4ce-44ef-b267-3e338ec6e211	ERROR	0	e3b0c44298fc1c149afbf4c8996fb92427ae41e4649b934ca495991b7852b855
inferred	fa69dce7-7aa3-4e4f-bc00-6de9e35d422d	ERROR	0	e3b0c44298fc1c149afbf4c8996fb92427ae41e4649b934ca495991b7852b855
inferred	fa69dce7-7aa3-4e4f-bc00-6de9e35d422d	ERROR	0	e3b0c44298fc1c149afbf4c8996fb92427ae41e4649b934ca495991b7852b855
inferred	faf7265b-1290-40f1-ac73-d34d9a851939	ERROR	0	e3b0c44298fc1c149afbf4c8996fb92427ae41e4649b934ca495991b7852b855
inferred	fb772413-4fc5-403f-9900-6483c26c4adc	ERROR	0	e3b0c44298fc1c149afbf4c8996fb92427ae41e4649b934ca495991b7852b855
inferred	fb772413-4fc5-403f-9900-6483c26c4adc	ERROR	0	e3b0c44298fc1c149afbf4c8996fb92427ae41e4649b934ca495991b7852b855
inferred	fbac216b-4025-4ed9-9eeb-bcd47f5715a2	ERROR	0	e3b0c44298fc1c149afbf4c8996fb92427ae41e4649b934ca495991b7852b855
inferred	fbac216b-4025-4ed9-9eeb-bcd47f5715a2	ERROR	0	e3b0c44298fc1c149afbf4c8996fb92427ae41e4649b934ca495991b7852b855
inferred	fc406126-e867-498f-bf03-3f8b5021f4f7	ERROR	0	e3b0c44298fc1c149afbf4c8996fb92427ae41e4649b934ca495991b7852b855
inferred	fcbe4dee-2694-4aa1-8c6d-bbe5c5b03120	ERROR	0	e3b0c44298fc1c149afbf4c8996fb92427ae41e4649b934ca495991b7852b855
inferred	fd183078-24bb-4132-b277-df6d7b1b963f	ERROR	0	e3b0c44298fc1c149afbf4c8996fb92427ae41e4649b934ca495991b7852b855
inferred	fd183078-24bb-4132-b277-df6d7b1b963f	ERROR	0	e3b0c44298fc1c149afbf4c8996fb92427ae41e4649b934ca495991b7852b855
inferred	fd4fdffa-87dc-4241-ae73-7b8c61284056	ERROR	0	e3b0c44298fc1c149afbf4c8996fb92427ae41e4649b934ca495991b7852b855
inferred	fe14346d-fd26-49ab-a9db-ba74f8eca9ee	ERROR	0	e3b0c44298fc1c149afbf4c8996fb92427ae41e4649b934ca495991b7852b855
inferred	fe28d2d6-29c0-439a-9b24-b40339992aab	ERROR	0	e3b0c44298fc1c149afbf4c8996fb92427ae41e4649b934ca495991b7852b855
inferred	fe28d2d6-29c0-439a-9b24-b40339992aab	ERROR	0	e3b0c44298fc1c149afbf4c8996fb92427ae41e4649b934ca495991b7852b855
inferred	ff16877e-593c-45ea-846a-90591b34adc9	ERROR	0	e3b0c44298fc1c149afbf4c8996fb92427ae41e4649b934ca495991b7852b855
inferred	ff16877e-593c-45ea-846a-90591b34adc9	ERROR	0	e3b0c44298fc1c149afbf4c8996fb92427ae41e4649b934ca495991b7852b855
inferred	ffbce365-8d1a-4659-99fa-d5e5ce9c3f2c	ERROR	0	e3b0c44298fc1c149afbf4c8996fb92427ae41e4649b934ca495991b7852b855
inferred	ffbce365-8d1a-4659-99fa-d5e5ce9c3f2c	ERROR	0	e3b0c44298fc1c149afbf4c8996fb92427ae41e4649b934ca495991b7852b855
stated	0150390d-a2d0-4d72-b90d-ceaed74a767a	ERROR	0	e3b0c44298fc1c149afbf4c8996fb92427ae41e4649b934ca495991b7852b855
stated	0150390d-a2d0-4d72-b90d-ceaed74a767a	ERROR	0	e3b0c44298fc1c149afbf4c8996fb92427ae41e4649b934ca495991b7852b855
stated	016ce0b2-4f90-4b89-8b45-be2ae2725d63	ERROR	0	e3b0c44298fc1c149afbf4c8996fb92427ae41e4649b934ca495991b7852b855
stated	016ce0b2-4f90-4b89-8b45-be2ae2725d63	ERROR	0	e3b0c44298fc1c149afbf4c8996fb92427ae41e4649b934ca495991b7852b855
stated	016ce0b2-4f90-4b89-8b45-be2ae2725d63	ERROR	0	e3b0c44298fc1c149afbf4c8996fb92427ae41e4649b934ca495991b7852b855
stated	016dbf3a-4665-4b44-908e-2040dc8ccf5d	ERROR	0	e3b0c44298fc1c149afbf4c8996fb92427ae41e4649b934ca495991b7852b855
stated	03eb4be9-ed46-4a67-9e6c-1f293954988f	ERROR	0	e3b0c44298fc1c149afbf4c8996fb92427ae41e4649b934ca495991b7852b855
stated	03eb4be9-ed46-4a67-9e6c-1f293954988f	ERROR	0	e3b0c44298fc1c149afbf4c8996fb92427ae41e4649b934ca495991b7852b855
stated	04dcf5a1-cac7-49f6-8ece-87fb83f99e33	ERROR	0	e3b0c44298fc1c149afbf4c8996fb92427ae41e4649b934ca495991b7852b855
stated	06805490-d51c-4180-be36-8ca0ed64ce5e	ERROR	0	e3b0c44298fc1c149afbf4c8996fb92427ae41e4649b934ca495991b7852b855
stated	0958083b-4a27-4feb-b32c-b203be33cc41	ERROR	0	e3b0c44298fc1c149afbf4c8996fb92427ae41e4649b934ca495991b7852b855
stated	0958083b-4a27-4feb-b32c-b203be33cc41	ERROR	0	e3b0c44298fc1c149afbf4c8996fb92427ae41e4649b934ca495991b7852b855
stated	0a827bd7-67a3-4536-9e4f-42224721ebd2	ERROR	0	e3b0c44298fc1c149afbf4c8996fb92427ae41e4649b934ca495991b7852b855
stated	0a827bd7-67a3-4536-9e4f-42224721ebd2	ERROR	0	e3b0c44298fc1c149afbf4c8996fb92427ae41e4649b934ca495991b7852b855
stated	0b6a7cf1-aad4-4ff6-82bb-3b96047a80bd	ERROR	0	e3b0c44298fc1c149afbf4c8996fb92427ae41e4649b934ca495991b7852b855
stated	0baa658d-7dd1-4ecf-aec0-cfcd2057a457	ERROR	0	e3b0c44298fc1c149afbf4c8996fb92427ae41e4649b934ca495991b7852b855
stated	0bcad72e-9153-4dce-9eb4-f71bfbd2bca8	ERROR	0	e3b0c44298fc1c149afbf4c8996fb92427ae41e4649b934ca495991b7852b855
stated	0bcad72e-9153-4dce-9eb4-f71bfbd2bca8	ERROR	0	e3b0c44298fc1c149afbf4c8996fb92427ae41e4649b934ca495991b7852b855
stated	0c244bb2-35a7-4876-b118-c4ea472f0a82	ERROR	0	e3b0c44298fc1c149afbf4c8996fb92427ae41e4649b934ca495991b7852b855
stated	0c244bb2-35a7-4876-b118-c4ea472f0a82	ERROR	0	e3b0c44298fc1c149afbf4c8996fb92427ae41e4649b934ca495991b7852b855
stated	0cda4060-b26c-4d16-bf45-3a4f59444106	ERROR	0	e3b0c44298fc1c149afbf4c8996fb92427ae41e4649b934ca495991b7852b855
stated	0cda4060-b26c-4d16-bf45-3a4f59444106	ERROR	0	e3b0c44298fc1c149afbf4c8996fb92427ae41e4649b934ca495991b7852b855
stated	0da1cb6d-a164-5691-f6d0-2e31958fc42a	ERROR	0	e3b0c44298fc1c149afbf4c8996fb92427ae41e4649b934ca495991b7852b855
stated	0da1cb6d-a164-5691-f6d0-2e31958fc42a	ERROR	0	e3b0c44298fc1c149afbf4c8996fb92427ae41e4649b934ca495991b7852b855
stated	0f2a2383-2d6d-4501-9ba7-a7f371080ccd	ERROR	0	e3b0c44298fc1c149afbf4c8996fb92427ae41e4649b934ca495991b7852b855
stated	0f2a2383-2d6d-4501-9ba7-a7f371080ccd	ERROR	0	e3b0c44298fc1c149afbf4c8996fb92427ae41e4649b934ca495991b7852b855
stated	10463044-9762-48dd-b2f3-a9b66d18d5ec	ERROR	0	e3b0c44298fc1c149afbf4c8996fb92427ae41e4649b934ca495991b7852b855
stated	10463044-9762-48dd-b2f3-a9b66d18d5ec	ERROR	0	e3b0c44298fc1c149afbf4c8996fb92427ae41e4649b934ca495991b7852b855
stated	10977efb-fb62-4f3e-8d13-81a92ad22fd2	ERROR	0	e3b0c44298fc1c149afbf4c8996fb92427ae41e4649b934ca495991b7852b855
stated	10977efb-fb62-4f3e-8d13-81a92ad22fd2	ERROR	0	e3b0c44298fc1c149afbf4c8996fb92427ae41e4649b934ca495991b7852b855
stated	10a6d260-70f6-4158-96b5-1b4fd366ae02	ERROR	0	e3b0c44298fc1c149afbf4c8996fb92427ae41e4649b934ca495991b7852b855
stated	10b2df11-0288-491f-b51a-0b9018c95082	ERROR	0	e3b0c44298fc1c149afbf4c8996fb92427ae41e4649b934ca495991b7852b855
stated	10b2df11-0288-491f-b51a-0b9018c95082	ERROR	0	e3b0c44298fc1c149afbf4c8996fb92427ae41e4649b934ca495991b7852b855
stated	10e9c919-fb15-450e-a101-e488287b9555	ERROR	0	e3b0c44298fc1c149afbf4c8996fb92427ae41e4649b934ca495991b7852b855
stated	11d8ff3a-80b1-40b5-a4a6-fd3268141085	ERROR	0	e3b0c44298fc1c149afbf4c8996fb92427ae41e4649b934ca495991b7852b855
stated	12eec138-e3ff-4c1e-aa69-8acdb42ab4fe	ERROR	0	e3b0c44298fc1c149afbf4c8996fb92427ae41e4649b934ca495991b7852b855
stated	1301ad8f-8be1-469e-80a3-396bca848357	ERROR	0	e3b0c44298fc1c149afbf4c8996fb92427ae41e4649b934ca495991b7852b855
stated	1301ad8f-8be1-469e-80a3-396bca848357	ERROR	0	e3b0c44298fc1c149afbf4c8996fb92427ae41e4649b934ca495991b7852b855
stated	14629706-f27b-4135-ab62-c342ac0cbfe5	ERROR	0	e3b0c44298fc1c149afbf4c8996fb92427ae41e4649b934ca495991b7852b855
stated	1686b1d4-5f4d-4ff4-afcb-519548a8e54d	ERROR	0	e3b0c44298fc1c149afbf4c8996fb92427ae41e4649b934ca495991b7852b855
stated	17eec929-cccc-4713-a71d-4d9f422117c5	ERROR	0	e3b0c44298fc1c149afbf4c8996fb92427ae41e4649b934ca495991b7852b855
stated	17eec929-cccc-4713-a71d-4d9f422117c5	ERROR	0	e3b0c44298fc1c149afbf4c8996fb92427ae41e4649b934ca495991b7852b855
stated	190a570b-2c6d-b9e2-a4ba-c1a39e21518d	ERROR	0	e3b0c44298fc1c149afbf4c8996fb92427ae41e4649b934ca495991b7852b855
stated	1a311e16-c423-48e7-92f6-1ca6a0719601	ERROR	0	e3b0c44298fc1c149afbf4c8996fb92427ae41e4649b934ca495991b7852b855
stated	1a311e16-c423-48e7-92f6-1ca6a0719601	ERROR	0	e3b0c44298fc1c149afbf4c8996fb92427ae41e4649b934ca495991b7852b855
stated	1c9118ab-9a89-4f76-89e5-dc88f196d8fc	ERROR	0	e3b0c44298fc1c149afbf4c8996fb92427ae41e4649b934ca495991b7852b855
stated	1c9118ab-9a89-4f76-89e5-dc88f196d8fc	ERROR	0	e3b0c44298fc1c149afbf4c8996fb92427ae41e4649b934ca495991b7852b855
stated	1cc250da-c4a4-421e-a8ed-ba265e59f1a5	ERROR	0	e3b0c44298fc1c149afbf4c8996fb92427ae41e4649b934ca495991b7852b855
stated	1cd45064-3143-43bc-96bf-37afce2454d9	ERROR	0	e3b0c44298fc1c149afbf4c8996fb92427ae41e4649b934ca495991b7852b855
stated	1cd45064-3143-43bc-96bf-37afce2454d9	ERROR	0	e3b0c44298fc1c149afbf4c8996fb92427ae41e4649b934ca495991b7852b855
stated	1e2c1d24-9e76-411f-89ce-c7433b017702	ERROR	0	e3b0c44298fc1c149afbf4c8996fb92427ae41e4649b934ca495991b7852b855
stated	1f6f68d5-f3ea-4aa1-ab7b-5000fa7637f4	ERROR	0	e3b0c44298fc1c149afbf4c8996fb92427ae41e4649b934ca495991b7852b855
stated	1f6f68d5-f3ea-4aa1-ab7b-5000fa7637f4	ERROR	0	e3b0c44298fc1c149afbf4c8996fb92427ae41e4649b934ca495991b7852b855
stated	1f73ff18-fed3-4e1b-96fc-fd5479f86477	ERROR	0	e3b0c44298fc1c149afbf4c8996fb92427ae41e4649b934ca495991b7852b855
stated	2003ae77-7a97-46a7-a6c9-f070672a3231	ERROR	0	e3b0c44298fc1c149afbf4c8996fb92427ae41e4649b934ca495991b7852b855
stated	20ea3358-e436-4ac2-966e-d3a10f966142	ERROR	0	e3b0c44298fc1c149afbf4c8996fb92427ae41e4649b934ca495991b7852b855
stated	2237dbbb-5c14-4564-a159-7dee39162331	ERROR	0	e3b0c44298fc1c149afbf4c8996fb92427ae41e4649b934ca495991b7852b855
stated	2237dbbb-5c14-4564-a159-7dee39162331	ERROR	0	e3b0c44298fc1c149afbf4c8996fb92427ae41e4649b934ca495991b7852b855
stated	244d3fc6-b622-4e8b-9e25-e19e2b8751c1	ERROR	0	e3b0c44298fc1c149afbf4c8996fb92427ae41e4649b934ca495991b7852b855
stated	255dfc2b-c8ac-47cb-b62d-e5bee4ac6ff8	ERROR	0	e3b0c44298fc1c149afbf4c8996fb92427ae41e4649b934ca495991b7852b855
stated	2598cdb6-3391-4b54-8e92-41a5987dceda	ERROR	0	e3b0c44298fc1c149afbf4c8996fb92427ae41e4649b934ca495991b7852b855
stated	2598cdb6-3391-4b54-8e92-41a5987dceda	ERROR	0	e3b0c44298fc1c149afbf4c8996fb92427ae41e4649b934ca495991b7852b855
stated	268b70c3-aa2d-45da-8d2f-dd89f29d82b2	ERROR	0	e3b0c44298fc1c149afbf4c8996fb92427ae41e4649b934ca495991b7852b855
stated	27b235f6-3f3c-4d63-bb54-d3323967fbfb	ERROR	0	e3b0c44298fc1c149afbf4c8996fb92427ae41e4649b934ca495991b7852b855
stated	27e71865-4354-427a-b1ba-38cdd45130d6	ERROR	0	e3b0c44298fc1c149afbf4c8996fb92427ae41e4649b934ca495991b7852b855
stated	28878579-3558-4d04-9d19-4f9a65a8cd5b	ERROR	0	e3b0c44298fc1c149afbf4c8996fb92427ae41e4649b934ca495991b7852b855
stated	28878579-3558-4d04-9d19-4f9a65a8cd5b	ERROR	0	e3b0c44298fc1c149afbf4c8996fb92427ae41e4649b934ca495991b7852b855
stated	2934c268-11de-46b7-97fc-72ec389933a0	ERROR	0	e3b0c44298fc1c149afbf4c8996fb92427ae41e4649b934ca495991b7852b855
stated	2934c268-11de-46b7-97fc-72ec389933a0	ERROR	0	e3b0c44298fc1c149afbf4c8996fb92427ae41e4649b934ca495991b7852b855
stated	29eca2fc-ba2d-42a0-9ee1-99d97dc933ff	ERROR	0	e3b0c44298fc1c149afbf4c8996fb92427ae41e4649b934ca495991b7852b855
stated	29eca2fc-ba2d-42a0-9ee1-99d97dc933ff	ERROR	0	e3b0c44298fc1c149afbf4c8996fb92427ae41e4649b934ca495991b7852b855
stated	2c46fdc1-d5c8-40ff-b705-4d18135c8117	ERROR	0	e3b0c44298fc1c149afbf4c8996fb92427ae41e4649b934ca495991b7852b855
stated	2c46fdc1-d5c8-40ff-b705-4d18135c8117	ERROR	0	e3b0c44298fc1c149afbf4c8996fb92427ae41e4649b934ca495991b7852b855
stated	2eb17bc1-e262-4bb9-b3b5-4518e53af22f	ERROR	0	e3b0c44298fc1c149afbf4c8996fb92427ae41e4649b934ca495991b7852b855
stated	2f974123-1e84-48d3-ab12-5baed516fdc8	ERROR	0	e3b0c44298fc1c149afbf4c8996fb92427ae41e4649b934ca495991b7852b855
stated	2f974123-1e84-48d3-ab12-5baed516fdc8	ERROR	0	e3b0c44298fc1c149afbf4c8996fb92427ae41e4649b934ca495991b7852b855
stated	2fb9a232-9417-46ef-b545-523cd8454ad4	ERROR	0	e3b0c44298fc1c149afbf4c8996fb92427ae41e4649b934ca495991b7852b855
stated	2fb9a232-9417-46ef-b545-523cd8454ad4	ERROR	0	e3b0c44298fc1c149afbf4c8996fb92427ae41e4649b934ca495991b7852b855
stated	31b3e9ce-3cff-44c0-b2ce-b6f0c2e3746d	ERROR	0	e3b0c44298fc1c149afbf4c8996fb92427ae41e4649b934ca495991b7852b855
stated	3385133c-0886-4c6f-9e6d-2f1d216c9f91	ERROR	0	e3b0c44298fc1c149afbf4c8996fb92427ae41e4649b934ca495991b7852b855
stated	34edbd83-dcf0-45bb-b881-9c79c19293c4	ERROR	0	e3b0c44298fc1c149afbf4c8996fb92427ae41e4649b934ca495991b7852b855
stated	351405be-c515-4997-a9cb-a55d83e66ecb	ERROR	0	e3b0c44298fc1c149afbf4c8996fb92427ae41e4649b934ca495991b7852b855
stated	351405be-c515-4997-a9cb-a55d83e66ecb	ERROR	0	e3b0c44298fc1c149afbf4c8996fb92427ae41e4649b934ca495991b7852b855
stated	37b05158-048c-4d3d-a945-35382367cb55	ERROR	0	e3b0c44298fc1c149afbf4c8996fb92427ae41e4649b934ca495991b7852b855
stated	37b05158-048c-4d3d-a945-35382367cb55	ERROR	0	e3b0c44298fc1c149afbf4c8996fb92427ae41e4649b934ca495991b7852b855
stated	38b2c23e-446d-4d6d-bd40-409d58c4743a	ERROR	0	e3b0c44298fc1c149afbf4c8996fb92427ae41e4649b934ca495991b7852b855
stated	38cf03ea-0326-4049-b930-41728495b33e	ERROR	0	e3b0c44298fc1c149afbf4c8996fb92427ae41e4649b934ca495991b7852b855
stated	39431cd0-d243-45cd-902d-1a249e5304bc	ERROR	0	e3b0c44298fc1c149afbf4c8996fb92427ae41e4649b934ca495991b7852b855
stated	398f1213-1dc2-4892-967f-7473d354e8ac	ERROR	0	e3b0c44298fc1c149afbf4c8996fb92427ae41e4649b934ca495991b7852b855
stated	39ae53c5-6873-42e0-bcd5-eb8bc695c28a	ERROR	0	e3b0c44298fc1c149afbf4c8996fb92427ae41e4649b934ca495991b7852b855
stated	39ae53c5-6873-42e0-bcd5-eb8bc695c28a	ERROR	0	e3b0c44298fc1c149afbf4c8996fb92427ae41e4649b934ca495991b7852b855
stated	39dde89d-dbb3-45a6-94e3-7c28073ac578	ERROR	0	e3b0c44298fc1c149afbf4c8996fb92427ae41e4649b934ca495991b7852b855
stated	39dde89d-dbb3-45a6-94e3-7c28073ac578	ERROR	0	e3b0c44298fc1c149afbf4c8996fb92427ae41e4649b934ca495991b7852b855
stated	39f5f1fc-d2e4-45b0-9643-d6ce66a871d6	ERROR	0	e3b0c44298fc1c149afbf4c8996fb92427ae41e4649b934ca495991b7852b855
stated	39f5f1fc-d2e4-45b0-9643-d6ce66a871d6	ERROR	0	e3b0c44298fc1c149afbf4c8996fb92427ae41e4649b934ca495991b7852b855
stated	3aecc712-b931-4079-8da2-6a92ea330b91	ERROR	0	e3b0c44298fc1c149afbf4c8996fb92427ae41e4649b934ca495991b7852b855
stated	3aecc712-b931-4079-8da2-6a92ea330b91	ERROR	0	e3b0c44298fc1c149afbf4c8996fb92427ae41e4649b934ca495991b7852b855
stated	3aecd7e7-57f4-464c-9a17-d1126c837836	ERROR	0	e3b0c44298fc1c149afbf4c8996fb92427ae41e4649b934ca495991b7852b855
stated	3aecd7e7-57f4-464c-9a17-d1126c837836	ERROR	0	e3b0c44298fc1c149afbf4c8996fb92427ae41e4649b934ca495991b7852b855
stated	3af5b0c7-a293-4330-8101-b61c2421c2dc	ERROR	0	e3b0c44298fc1c149afbf4c8996fb92427ae41e4649b934ca495991b7852b855
stated	3af5b0c7-a293-4330-8101-b61c2421c2dc	ERROR	0	e3b0c44298fc1c149afbf4c8996fb92427ae41e4649b934ca495991b7852b855
stated	3c018e5c-e6f1-4d28-8d36-2c48cd1ccb88	ERROR	0	e3b0c44298fc1c149afbf4c8996fb92427ae41e4649b934ca495991b7852b855
stated	3c018e5c-e6f1-4d28-8d36-2c48cd1ccb88	ERROR	0	e3b0c44298fc1c149afbf4c8996fb92427ae41e4649b934ca495991b7852b855
stated	3c7fb8c8-2e1e-407a-8c71-1ce330441c3d	ERROR	0	e3b0c44298fc1c149afbf4c8996fb92427ae41e4649b934ca495991b7852b855
stated	3f047361-51be-450e-95d3-7a6908503f8e	ERROR	0	e3b0c44298fc1c149afbf4c8996fb92427ae41e4649b934ca495991b7852b855
stated	3f047361-51be-450e-95d3-7a6908503f8e	ERROR	0	e3b0c44298fc1c149afbf4c8996fb92427ae41e4649b934ca495991b7852b855
stated	4143563b-44f1-4a90-99be-e05dea540b7b	ERROR	0	e3b0c44298fc1c149afbf4c8996fb92427ae41e4649b934ca495991b7852b855
stated	425a17e2-d6ca-47e0-b973-22777d3b77a2	ERROR	0	e3b0c44298fc1c149afbf4c8996fb92427ae41e4649b934ca495991b7852b855
stated	44441f9a-896c-4758-9836-581e8a414fb4	ERROR	0	e3b0c44298fc1c149afbf4c8996fb92427ae41e4649b934ca495991b7852b855
stated	44441f9a-896c-4758-9836-581e8a414fb4	ERROR	0	e3b0c44298fc1c149afbf4c8996fb92427ae41e4649b934ca495991b7852b855
stated	45707b0e-8d51-4bf9-8b87-3f5a26ef1cec	ERROR	0	e3b0c44298fc1c149afbf4c8996fb92427ae41e4649b934ca495991b7852b855
stated	473f46f5-5bb8-4691-aa64-0193c8fb314b	ERROR	0	e3b0c44298fc1c149afbf4c8996fb92427ae41e4649b934ca495991b7852b855
stated	47e35159-6db8-41f2-a4cd-4fa79ea0e03b	ERROR	0	e3b0c44298fc1c149afbf4c8996fb92427ae41e4649b934ca495991b7852b855
stated	4816c1c3-3299-48ce-998b-f70a1d03bbdf	ERROR	0	e3b0c44298fc1c149afbf4c8996fb92427ae41e4649b934ca495991b7852b855
stated	4816c1c3-3299-48ce-998b-f70a1d03bbdf	ERROR	0	e3b0c44298fc1c149afbf4c8996fb92427ae41e4649b934ca495991b7852b855
stated	49bafaf8-d60b-46b5-a9ac-bb9a2dc01522	ERROR	0	e3b0c44298fc1c149afbf4c8996fb92427ae41e4649b934ca495991b7852b855
stated	49bafaf8-d60b-46b5-a9ac-bb9a2dc01522	ERROR	0	e3b0c44298fc1c149afbf4c8996fb92427ae41e4649b934ca495991b7852b855
stated	4bcf42c3-1853-4693-b80f-b8c0e51537f7	ERROR	0	e3b0c44298fc1c149afbf4c8996fb92427ae41e4649b934ca495991b7852b855
stated	4c2f6db5-1d31-8c60-017d-17a96c2e4d08	ERROR	0	e3b0c44298fc1c149afbf4c8996fb92427ae41e4649b934ca495991b7852b855
stated	4c2f6db5-1d31-8c60-017d-17a96c2e4d08	ERROR	0	e3b0c44298fc1c149afbf4c8996fb92427ae41e4649b934ca495991b7852b855
stated	4cdeb624-40b2-4c3e-9bf6-69ce2d529aa3	ERROR	0	e3b0c44298fc1c149afbf4c8996fb92427ae41e4649b934ca495991b7852b855
stated	4cdeb624-40b2-4c3e-9bf6-69ce2d529aa3	ERROR	0	e3b0c44298fc1c149afbf4c8996fb92427ae41e4649b934ca495991b7852b855
stated	4d606e02-ffec-439c-a6a3-ff6e42aa2a79	ERROR	0	e3b0c44298fc1c149afbf4c8996fb92427ae41e4649b934ca495991b7852b855
stated	4dc4c6f9-4d4f-4cbe-926f-b5d8e0906f2c	ERROR	0	e3b0c44298fc1c149afbf4c8996fb92427ae41e4649b934ca495991b7852b855
stated	4f3e5e29-1296-465b-9d6b-f0060c681907	ERROR	0	e3b0c44298fc1c149afbf4c8996fb92427ae41e4649b934ca495991b7852b855
stated	4f4e0b76-ab2e-4359-92f8-e67cdebc959a	ERROR	0	e3b0c44298fc1c149afbf4c8996fb92427ae41e4649b934ca495991b7852b855
stated	4f4e0b76-ab2e-4359-92f8-e67cdebc959a	ERROR	0	e3b0c44298fc1c149afbf4c8996fb92427ae41e4649b934ca495991b7852b855
stated	51018539-2a40-44a1-b546-26c03baa9e4e	ERROR	0	e3b0c44298fc1c149afbf4c8996fb92427ae41e4649b934ca495991b7852b855
stated	51018539-2a40-44a1-b546-26c03baa9e4e	ERROR	0	e3b0c44298fc1c149afbf4c8996fb92427ae41e4649b934ca495991b7852b855
stated	51479006-1cbf-475a-b759-177bde3a65d8	ERROR	0	e3b0c44298fc1c149afbf4c8996fb92427ae41e4649b934ca495991b7852b855
stated	51891776-2dc8-4a4b-ba5c-d1e5a279abb5	ERROR	0	e3b0c44298fc1c149afbf4c8996fb92427ae41e4649b934ca495991b7852b855
stated	52d8ebc7-6c09-41b5-be7f-2373d1686be3	ERROR	0	e3b0c44298fc1c149afbf4c8996fb92427ae41e4649b934ca495991b7852b855
stated	53da5d64-c105-1f1b-34e7-7cba7ffff457	ERROR	0	e3b0c44298fc1c149afbf4c8996fb92427ae41e4649b934ca495991b7852b855
stated	53da5d64-c105-1f1b-34e7-7cba7ffff457	ERROR	0	e3b0c44298fc1c149afbf4c8996fb92427ae41e4649b934ca495991b7852b855
stated	5622fcce-f014-4570-b25f-f2a3d74be9f2	ERROR	0	e3b0c44298fc1c149afbf4c8996fb92427ae41e4649b934ca495991b7852b855
stated	5622fcce-f014-4570-b25f-f2a3d74be9f2	ERROR	0	e3b0c44298fc1c149afbf4c8996fb92427ae41e4649b934ca495991b7852b855
stated	571f5cbb-c150-4a6f-add5-510884835720	ERROR	0	e3b0c44298fc1c149afbf4c8996fb92427ae41e4649b934ca495991b7852b855
stated	58388c47-7807-4ba2-8be8-dc92cf930679	ERROR	0	e3b0c44298fc1c149afbf4c8996fb92427ae41e4649b934ca495991b7852b855
stated	58388c47-7807-4ba2-8be8-dc92cf930679	ERROR	0	e3b0c44298fc1c149afbf4c8996fb92427ae41e4649b934ca495991b7852b855
stated	583d09e9-d206-459c-8179-816d7ca19237	ERROR	0	e3b0c44298fc1c149afbf4c8996fb92427ae41e4649b934ca495991b7852b855
stated	583d09e9-d206-459c-8179-816d7ca19237	ERROR	0	e3b0c44298fc1c149afbf4c8996fb92427ae41e4649b934ca495991b7852b855
stated	5980c5af-f7ea-405b-837b-217a185c648a	ERROR	0	e3b0c44298fc1c149afbf4c8996fb92427ae41e4649b934ca495991b7852b855
stated	59ab2f6a-0075-4438-83c8-065f0f8924f2	ERROR	0	e3b0c44298fc1c149afbf4c8996fb92427ae41e4649b934ca495991b7852b855
stated	5a740c82-372c-41b5-af3f-224babf80444	ERROR	0	e3b0c44298fc1c149afbf4c8996fb92427ae41e4649b934ca495991b7852b855
stated	5a740c82-372c-41b5-af3f-224babf80444	ERROR	0	e3b0c44298fc1c149afbf4c8996fb92427ae41e4649b934ca495991b7852b855
stated	5bca9d39-e227-4dd4-b71d-482ad6703dee	ERROR	0	e3b0c44298fc1c149afbf4c8996fb92427ae41e4649b934ca495991b7852b855
stated	5c0fcb70-c87f-4058-9ee5-02d3756faace	ERROR	0	e3b0c44298fc1c149afbf4c8996fb92427ae41e4649b934ca495991b7852b855
stated	5c0fcb70-c87f-4058-9ee5-02d3756faace	ERROR	0	e3b0c44298fc1c149afbf4c8996fb92427ae41e4649b934ca495991b7852b855
stated	5c1e3361-3410-460e-87e3-3c8b76e00c39	ERROR	0	e3b0c44298fc1c149afbf4c8996fb92427ae41e4649b934ca495991b7852b855
stated	5d26beaf-f88b-4b6b-975f-155f4e044b41	ERROR	0	e3b0c44298fc1c149afbf4c8996fb92427ae41e4649b934ca495991b7852b855
stated	5d26beaf-f88b-4b6b-975f-155f4e044b41	ERROR	0	e3b0c44298fc1c149afbf4c8996fb92427ae41e4649b934ca495991b7852b855
stated	5d65c8b2-f5e3-4445-8be3-2a0484962c2e	ERROR	0	e3b0c44298fc1c149afbf4c8996fb92427ae41e4649b934ca495991b7852b855
stated	5db62b65-c29f-4e28-8061-b31683d581e4	ERROR	0	e3b0c44298fc1c149afbf4c8996fb92427ae41e4649b934ca495991b7852b855
stated	5e44f435-98f2-484b-bc0a-af7bc0b0c29d	ERROR	0	e3b0c44298fc1c149afbf4c8996fb92427ae41e4649b934ca495991b7852b855
stated	5e44f435-98f2-484b-bc0a-af7bc0b0c29d	ERROR	0	e3b0c44298fc1c149afbf4c8996fb92427ae41e4649b934ca495991b7852b855
stated	6019965b-ddb9-4a4e-9cfc-c8fecca39de8	ERROR	0	e3b0c44298fc1c149afbf4c8996fb92427ae41e4649b934ca495991b7852b855
stated	608ab6f5-6830-4294-926a-5c3a20b62060	ERROR	0	e3b0c44298fc1c149afbf4c8996fb92427ae41e4649b934ca495991b7852b855
stated	61826c65-bbcb-4a47-b0ed-29bb6d608b32	ERROR	0	e3b0c44298fc1c149afbf4c8996fb92427ae41e4649b934ca495991b7852b855
stated	6252da0e-fa44-4e9e-8497-6bea38379e07	ERROR	0	e3b0c44298fc1c149afbf4c8996fb92427ae41e4649b934ca495991b7852b855
stated	6252da0e-fa44-4e9e-8497-6bea38379e07	ERROR	0	e3b0c44298fc1c149afbf4c8996fb92427ae41e4649b934ca495991b7852b855
stated	62b647c7-4d06-48dd-be0d-62368875e04f	ERROR	0	e3b0c44298fc1c149afbf4c8996fb92427ae41e4649b934ca495991b7852b855
stated	6355d014-0cd9-43f9-94c5-1724e81a1f04	ERROR	0	e3b0c44298fc1c149afbf4c8996fb92427ae41e4649b934ca495991b7852b855
stated	6355d014-0cd9-43f9-94c5-1724e81a1f04	ERROR	0	e3b0c44298fc1c149afbf4c8996fb92427ae41e4649b934ca495991b7852b855
stated	66c6a554-573e-4035-84bb-f9e9a1a6f7e4	ERROR	0	e3b0c44298fc1c149afbf4c8996fb92427ae41e4649b934ca495991b7852b855
stated	66e4ab61-09b8-4488-a2d4-a70adffd685f	ERROR	0	e3b0c44298fc1c149afbf4c8996fb92427ae41e4649b934ca495991b7852b855
stated	67f140a1-9811-43ec-94fa-ccc5a2a3fe64	ERROR	0	e3b0c44298fc1c149afbf4c8996fb92427ae41e4649b934ca495991b7852b855
stated	67f140a1-9811-43ec-94fa-ccc5a2a3fe64	ERROR	0	e3b0c44298fc1c149afbf4c8996fb92427ae41e4649b934ca495991b7852b855
stated	699b84f0-dc4a-457c-9a21-b83ff453fd1d	ERROR	0	e3b0c44298fc1c149afbf4c8996fb92427ae41e4649b934ca495991b7852b855
stated	69b93d4f-24b4-4abe-b1f2-08602f8df1c4	ERROR	0	e3b0c44298fc1c149afbf4c8996fb92427ae41e4649b934ca495991b7852b855
stated	6b6e3ed0-383e-4950-b7e8-ae11277663b9	ERROR	0	e3b0c44298fc1c149afbf4c8996fb92427ae41e4649b934ca495991b7852b855
stated	6b9af327-9937-4b1f-ae1d-e9d8a03372e6	ERROR	0	e3b0c44298fc1c149afbf4c8996fb92427ae41e4649b934ca495991b7852b855
stated	6b9af327-9937-4b1f-ae1d-e9d8a03372e6	ERROR	0	e3b0c44298fc1c149afbf4c8996fb92427ae41e4649b934ca495991b7852b855
stated	6c72c94c-0bf9-49af-9abb-da66727b7b85	ERROR	0	e3b0c44298fc1c149afbf4c8996fb92427ae41e4649b934ca495991b7852b855
stated	6ce73487-1c2f-4e02-9c78-5a9d5000c077	ERROR	0	e3b0c44298fc1c149afbf4c8996fb92427ae41e4649b934ca495991b7852b855
stated	6ce73487-1c2f-4e02-9c78-5a9d5000c077	ERROR	0	e3b0c44298fc1c149afbf4c8996fb92427ae41e4649b934ca495991b7852b855
stated	6dcb3d0d-797b-5d55-fde9-9e7efba017d6	ERROR	0	e3b0c44298fc1c149afbf4c8996fb92427ae41e4649b934ca495991b7852b855
stated	6e2eeeb4-ec71-4080-b00e-01cbcf27ef0f	ERROR	0	e3b0c44298fc1c149afbf4c8996fb92427ae41e4649b934ca495991b7852b855
stated	6e2eeeb4-ec71-4080-b00e-01cbcf27ef0f	ERROR	0	e3b0c44298fc1c149afbf4c8996fb92427ae41e4649b934ca495991b7852b855
stated	6e32d687-2348-46a5-89e5-88fca64b8447	ERROR	0	e3b0c44298fc1c149afbf4c8996fb92427ae41e4649b934ca495991b7852b855
stated	6e32d687-2348-46a5-89e5-88fca64b8447	ERROR	0	e3b0c44298fc1c149afbf4c8996fb92427ae41e4649b934ca495991b7852b855
stated	6ed3cdaa-c373-43dc-b9a5-d934fa7f2973	ERROR	0	e3b0c44298fc1c149afbf4c8996fb92427ae41e4649b934ca495991b7852b855
stated	6f71295f-cb0d-4a50-b672-72578f3f08d2	ERROR	0	e3b0c44298fc1c149afbf4c8996fb92427ae41e4649b934ca495991b7852b855
stated	7076459b-0e79-460d-8dae-036f057997e3	ERROR	0	e3b0c44298fc1c149afbf4c8996fb92427ae41e4649b934ca495991b7852b855
stated	70ff9831-a9fd-43e7-b52c-ea1d551dd4c7	ERROR	0	e3b0c44298fc1c149afbf4c8996fb92427ae41e4649b934ca495991b7852b855
stated	72152033-0f2f-4a70-b10c-cbef23c41011	ERROR	0	e3b0c44298fc1c149afbf4c8996fb92427ae41e4649b934ca495991b7852b855
stated	72152033-0f2f-4a70-b10c-cbef23c41011	ERROR	0	e3b0c44298fc1c149afbf4c8996fb92427ae41e4649b934ca495991b7852b855
stated	72a0a5b4-f768-ddd7-2999-fac67937d376	ERROR	0	e3b0c44298fc1c149afbf4c8996fb92427ae41e4649b934ca495991b7852b855
stated	73234452-0eef-4609-9b65-00c0744ef005	ERROR	0	e3b0c44298fc1c149afbf4c8996fb92427ae41e4649b934ca495991b7852b855
stated	73234452-0eef-4609-9b65-00c0744ef005	ERROR	0	e3b0c44298fc1c149afbf4c8996fb92427ae41e4649b934ca495991b7852b855
stated	7380db99-2dbd-4cda-8d3f-96b86a79c685	ERROR	0	e3b0c44298fc1c149afbf4c8996fb92427ae41e4649b934ca495991b7852b855
stated	74027941-b0c4-40fc-b12e-3e58cd9cdc9e	ERROR	0	e3b0c44298fc1c149afbf4c8996fb92427ae41e4649b934ca495991b7852b855
stated	757df33e-2e3d-50d5-7fd8-af98c0e04439	ERROR	0	e3b0c44298fc1c149afbf4c8996fb92427ae41e4649b934ca495991b7852b855
stated	762cf268-c2f6-4138-af6f-849dbb0fc3fc	ERROR	0	e3b0c44298fc1c149afbf4c8996fb92427ae41e4649b934ca495991b7852b855
stated	773c7698-80ab-4059-9da4-a55d0c88d0fd	ERROR	0	e3b0c44298fc1c149afbf4c8996fb92427ae41e4649b934ca495991b7852b855
stated	78e17be5-4cc1-4885-ae5a-b74b04f5f6c4	ERROR	0	e3b0c44298fc1c149afbf4c8996fb92427ae41e4649b934ca495991b7852b855
stated	78e17be5-4cc1-4885-ae5a-b74b04f5f6c4	ERROR	0	e3b0c44298fc1c149afbf4c8996fb92427ae41e4649b934ca495991b7852b855
stated	79cb1aae-7943-40e8-81ae-125379645f9f	ERROR	0	e3b0c44298fc1c149afbf4c8996fb92427ae41e4649b934ca495991b7852b855
stated	7b87904a-0156-418f-82e5-cc63d9ee034a	ERROR	0	e3b0c44298fc1c149afbf4c8996fb92427ae41e4649b934ca495991b7852b855
stated	7bc66579-448f-479a-8ceb-628c212a107c	ERROR	0	e3b0c44298fc1c149afbf4c8996fb92427ae41e4649b934ca495991b7852b855
stated	7bc66579-448f-479a-8ceb-628c212a107c	ERROR	0	e3b0c44298fc1c149afbf4c8996fb92427ae41e4649b934ca495991b7852b855
stated	7c4e0681-61f0-4723-ab3f-98122fe1f40b	ERROR	0	e3b0c44298fc1c149afbf4c8996fb92427ae41e4649b934ca495991b7852b855
stated	7c4e0681-61f0-4723-ab3f-98122fe1f40b	ERROR	0	e3b0c44298fc1c149afbf4c8996fb92427ae41e4649b934ca495991b7852b855
stated	7c564696-4f04-490e-a195-54e4426796c3	ERROR	0	e3b0c44298fc1c149afbf4c8996fb92427ae41e4649b934ca495991b7852b855
stated	7c564696-4f04-490e-a195-54e4426796c3	ERROR	0	e3b0c44298fc1c149afbf4c8996fb92427ae41e4649b934ca495991b7852b855
stated	7d23e837-4e2b-45cd-b5c8-8ea9b51daae0	ERROR	0	e3b0c44298fc1c149afbf4c8996fb92427ae41e4649b934ca495991b7852b855
stated	7d2523e4-f12b-4249-8c40-d80335604dd5	ERROR	0	e3b0c44298fc1c149afbf4c8996fb92427ae41e4649b934ca495991b7852b855
stated	7e29d963-b054-4454-9121-8de1cffceadd	ERROR	0	e3b0c44298fc1c149afbf4c8996fb92427ae41e4649b934ca495991b7852b855
stated	7e29d963-b054-4454-9121-8de1cffceadd	ERROR	0	e3b0c44298fc1c149afbf4c8996fb92427ae41e4649b934ca495991b7852b855
stated	7e76895c-56e4-40e4-b150-134b5c347780	ERROR	0	e3b0c44298fc1c149afbf4c8996fb92427ae41e4649b934ca495991b7852b855
stated	7e76895c-56e4-40e4-b150-134b5c347780	ERROR	0	e3b0c44298fc1c149afbf4c8996fb92427ae41e4649b934ca495991b7852b855
stated	8038688b-80f5-49b3-b3d8-c6fe13f8fb1e	ERROR	0	e3b0c44298fc1c149afbf4c8996fb92427ae41e4649b934ca495991b7852b855
stated	8038688b-80f5-49b3-b3d8-c6fe13f8fb1e	ERROR	0	e3b0c44298fc1c149afbf4c8996fb92427ae41e4649b934ca495991b7852b855
stated	81288567-57a9-49b1-b7f0-bf5979a6d289	ERROR	0	e3b0c44298fc1c149afbf4c8996fb92427ae41e4649b934ca495991b7852b855
stated	8160e4aa-ffd2-3452-412f-5fd2ebc13ee8	ERROR	0	e3b0c44298fc1c149afbf4c8996fb92427ae41e4649b934ca495991b7852b855
stated	8160e4aa-ffd2-3452-412f-5fd2ebc13ee8	ERROR	0	e3b0c44298fc1c149afbf4c8996fb92427ae41e4649b934ca495991b7852b855
stated	81da6aa5-0cb1-463f-88ad-c25a795a211b	ERROR	0	e3b0c44298fc1c149afbf4c8996fb92427ae41e4649b934ca495991b7852b855
stated	81da6aa5-0cb1-463f-88ad-c25a795a211b	ERROR	0	e3b0c44298fc1c149afbf4c8996fb92427ae41e4649b934ca495991b7852b855
stated	81eded9f-9769-e314-ca69-3b7e9e49c148	ERROR	0	e3b0c44298fc1c149afbf4c8996fb92427ae41e4649b934ca495991b7852b855
stated	81eded9f-9769-e314-ca69-3b7e9e49c148	ERROR	0	e3b0c44298fc1c149afbf4c8996fb92427ae41e4649b934ca495991b7852b855
stated	81f6d23b-66c7-46ce-b003-08380b9b236a	ERROR	0	e3b0c44298fc1c149afbf4c8996fb92427ae41e4649b934ca495991b7852b855
stated	840861c7-8d9b-44a6-acfd-01f1b994b6d9	ERROR	0	e3b0c44298fc1c149afbf4c8996fb92427ae41e4649b934ca495991b7852b855
stated	840861c7-8d9b-44a6-acfd-01f1b994b6d9	ERROR	0	e3b0c44298fc1c149afbf4c8996fb92427ae41e4649b934ca495991b7852b855
stated	87e54647-dee0-4bd4-8b45-0ab0fa9fad74	ERROR	0	e3b0c44298fc1c149afbf4c8996fb92427ae41e4649b934ca495991b7852b855
stated	87e54647-dee0-4bd4-8b45-0ab0fa9fad74	ERROR	0	e3b0c44298fc1c149afbf4c8996fb92427ae41e4649b934ca495991b7852b855
stated	883bd314-23b7-4ccc-87d6-8067d98b3660	ERROR	0	e3b0c44298fc1c149afbf4c8996fb92427ae41e4649b934ca495991b7852b855
stated	883bd314-23b7-4ccc-87d6-8067d98b3660	ERROR	0	e3b0c44298fc1c149afbf4c8996fb92427ae41e4649b934ca495991b7852b855
stated	89d0a100-7140-4913-bf80-bef3bc3d8495	ERROR	0	e3b0c44298fc1c149afbf4c8996fb92427ae41e4649b934ca495991b7852b855
stated	8a4b2de3-41cf-49a4-995e-9f80c71e0684	ERROR	0	e3b0c44298fc1c149afbf4c8996fb92427ae41e4649b934ca495991b7852b855
stated	8ce25c12-3cc5-4ab0-84e2-fdc0a75dffed	ERROR	0	e3b0c44298fc1c149afbf4c8996fb92427ae41e4649b934ca495991b7852b855
stated	8ce25c12-3cc5-4ab0-84e2-fdc0a75dffed	ERROR	0	e3b0c44298fc1c149afbf4c8996fb92427ae41e4649b934ca495991b7852b855
stated	8d066b27-118d-4a84-886a-14dabceba155	ERROR	0	e3b0c44298fc1c149afbf4c8996fb92427ae41e4649b934ca495991b7852b855
stated	8d066b27-118d-4a84-886a-14dabceba155	ERROR	0	e3b0c44298fc1c149afbf4c8996fb92427ae41e4649b934ca495991b7852b855
stated	903d4612-9e2e-4434-94e8-eaff214f4467	ERROR	0	e3b0c44298fc1c149afbf4c8996fb92427ae41e4649b934ca495991b7852b855
stated	9339edc2-b5f1-4e6f-9fe3-d5c09f403f4d	ERROR	0	e3b0c44298fc1c149afbf4c8996fb92427ae41e4649b934ca495991b7852b855
stated	9339edc2-b5f1-4e6f-9fe3-d5c09f403f4d	ERROR	0	e3b0c44298fc1c149afbf4c8996fb92427ae41e4649b934ca495991b7852b855
stated	935ca13a-f1a9-4b6a-8d03-db1d1f7c596b	ERROR	0	e3b0c44298fc1c149afbf4c8996fb92427ae41e4649b934ca495991b7852b855
stated	935ca13a-f1a9-4b6a-8d03-db1d1f7c596b	ERROR	0	e3b0c44298fc1c149afbf4c8996fb92427ae41e4649b934ca495991b7852b855
stated	93aa72d2-efe6-4ff8-b6a2-344c2fe44e1e	ERROR	0	e3b0c44298fc1c149afbf4c8996fb92427ae41e4649b934ca495991b7852b855
stated	946ba1f5-8a10-4413-937e-aafd7b3940cf	ERROR	0	e3b0c44298fc1c149afbf4c8996fb92427ae41e4649b934ca495991b7852b855
stated	946ba1f5-8a10-4413-937e-aafd7b3940cf	ERROR	0	e3b0c44298fc1c149afbf4c8996fb92427ae41e4649b934ca495991b7852b855
stated	95339693-c5ba-0d34-115f-8385c8f7184d	ERROR	0	e3b0c44298fc1c149afbf4c8996fb92427ae41e4649b934ca495991b7852b855
stated	96d077d2-d331-4fb6-bf38-474bd0cdfc09	ERROR	0	e3b0c44298fc1c149afbf4c8996fb92427ae41e4649b934ca495991b7852b855
stated	9883dd72-0fdc-47bf-89d0-4f206ca7800c	ERROR	0	e3b0c44298fc1c149afbf4c8996fb92427ae41e4649b934ca495991b7852b855
stated	98984674-6f17-40fe-8859-5ad2d0f5c09d	ERROR	0	e3b0c44298fc1c149afbf4c8996fb92427ae41e4649b934ca495991b7852b855
stated	9ba43854-0226-48fd-baac-bfe6f19db20a	ERROR	0	e3b0c44298fc1c149afbf4c8996fb92427ae41e4649b934ca495991b7852b855
stated	9f31fae1-65e6-4ffd-9a0d-badeaf298a8f	ERROR	0	e3b0c44298fc1c149afbf4c8996fb92427ae41e4649b934ca495991b7852b855
stated	a079f482-e7de-4fd8-b4f9-5c8b56798676	ERROR	0	e3b0c44298fc1c149afbf4c8996fb92427ae41e4649b934ca495991b7852b855
stated	a0a0149b-6541-4789-8645-1e7ce775bdd3	ERROR	0	e3b0c44298fc1c149afbf4c8996fb92427ae41e4649b934ca495991b7852b855
stated	a107baf4-2724-4ef2-acd1-8f153ed31c21	ERROR	2391	44a79d55ee629497fe1cb1afbbf948e4cf3f6f940dd33fc3bd0c832a8e1a561c
stated	a1e92414-b651-4891-a749-d66ddd17cc00	ERROR	0	e3b0c44298fc1c149afbf4c8996fb92427ae41e4649b934ca495991b7852b855
stated	a229b0ce-3f21-48ee-8dbf-4e3e3f7e35c1	ERROR	0	e3b0c44298fc1c149afbf4c8996fb92427ae41e4649b934ca495991b7852b855
stated	a2d96c1f-ff2f-6d29-b2d5-0ebe39281efb	ERROR	0	e3b0c44298fc1c149afbf4c8996fb92427ae41e4649b934ca495991b7852b855
stated	a2d96c1f-ff2f-6d29-b2d5-0ebe39281efb	ERROR	0	e3b0c44298fc1c149afbf4c8996fb92427ae41e4649b934ca495991b7852b855
stated	a549df1e-9ef3-4fa7-a29b-9b151d9a2daf	ERROR	0	e3b0c44298fc1c149afbf4c8996fb92427ae41e4649b934ca495991b7852b855
stated	a54a5491-2986-42df-9c23-161823e88753	ERROR	0	e3b0c44298fc1c149afbf4c8996fb92427ae41e4649b934ca495991b7852b855
stated	a54a5491-2986-42df-9c23-161823e88753	ERROR	0	e3b0c44298fc1c149afbf4c8996fb92427ae41e4649b934ca495991b7852b855
stated	a552640a-76b4-4839-95d6-93ef42e9d149	ERROR	0	e3b0c44298fc1c149afbf4c8996fb92427ae41e4649b934ca495991b7852b855
stated	a552640a-76b4-4839-95d6-93ef42e9d149	ERROR	0	e3b0c44298fc1c149afbf4c8996fb92427ae41e4649b934ca495991b7852b855
stated	a720e7af-e728-7c08-8433-72a84ed387bc	ERROR	0	e3b0c44298fc1c149afbf4c8996fb92427ae41e4649b934ca495991b7852b855
stated	a8c88cca-305c-40e8-bf03-2d6d03d47755	WARNING	0	e3b0c44298fc1c149afbf4c8996fb92427ae41e4649b934ca495991b7852b855
stated	a8c88cca-305c-40e8-bf03-2d6d03d47755	WARNING	221	21b2201a51430cda8a085cdaf88d47e389617892e0f7bcb767e03c301fb7a7cb
stated	a9613ab0-1e97-4fbc-9731-b3aa68854503	ERROR	0	e3b0c44298fc1c149afbf4c8996fb92427ae41e4649b934ca495991b7852b855
stated	a9613ab0-1e97-4fbc-9731-b3aa68854503	ERROR	0	e3b0c44298fc1c149afbf4c8996fb92427ae41e4649b934ca495991b7852b855
stated	aa11d39e-acf7-4e29-a8a3-053b2c3fb094	ERROR	0	e3b0c44298fc1c149afbf4c8996fb92427ae41e4649b934ca495991b7852b855
stated	aa11d39e-acf7-4e29-a8a3-053b2c3fb094	ERROR	0	e3b0c44298fc1c149afbf4c8996fb92427ae41e4649b934ca495991b7852b855
stated	aa4f5771-214a-47ed-a399-7cc85995b94c	ERROR	0	e3b0c44298fc1c149afbf4c8996fb92427ae41e4649b934ca495991b7852b855
stated	aadc9080-d36b-459c-ad63-e1010e3b696a	ERROR	0	e3b0c44298fc1c149afbf4c8996fb92427ae41e4649b934ca495991b7852b855
stated	aadd7e97-b671-4d49-bfbd-0adb0c6dbcf6	ERROR	0	e3b0c44298fc1c149afbf4c8996fb92427ae41e4649b934ca495991b7852b855
stated	abeccf84-0af3-41be-87a2-335a3bf24c62	ERROR	0	e3b0c44298fc1c149afbf4c8996fb92427ae41e4649b934ca495991b7852b855
stated	abeccf84-0af3-41be-87a2-335a3bf24c62	ERROR	0	e3b0c44298fc1c149afbf4c8996fb92427ae41e4649b934ca495991b7852b855
stated	ac4b01d9-493c-4e25-9efd-f8a7145cc909	ERROR	0	e3b0c44298fc1c149afbf4c8996fb92427ae41e4649b934ca495991b7852b855
stated	acea1259-1aea-4579-82d9-d18308ebb5d4	ERROR	0	e3b0c44298fc1c149afbf4c8996fb92427ae41e4649b934ca495991b7852b855
stated	adbbf064-83a0-4125-85a5-6409dc352888	ERROR	0	e3b0c44298fc1c149afbf4c8996fb92427ae41e4649b934ca495991b7852b855
stated	ae7667d7-a1e7-48ca-8cd9-575aa848d94f	ERROR	0	e3b0c44298fc1c149afbf4c8996fb92427ae41e4649b934ca495991b7852b855
stated	b3a823ef-aba5-4cf5-be9a-6c9808ad58b9	ERROR	0	e3b0c44298fc1c149afbf4c8996fb92427ae41e4649b934ca495991b7852b855
stated	b41253a7-7b17-4acf-96a1-d784ad0a6c04	ERROR	0	e3b0c44298fc1c149afbf4c8996fb92427ae41e4649b934ca495991b7852b855
stated	b46a7912-c065-4344-8d43-4df87105be44	ERROR	0	e3b0c44298fc1c149afbf4c8996fb92427ae41e4649b934ca495991b7852b855
stated	b46a7912-c065-4344-8d43-4df87105be44	ERROR	0	e3b0c44298fc1c149afbf4c8996fb92427ae41e4649b934ca495991b7852b855
stated	b4850e9e-fe74-4fa7-b754-113953d67a3a	ERROR	0	e3b0c44298fc1c149afbf4c8996fb92427ae41e4649b934ca495991b7852b855
stated	b4850e9e-fe74-4fa7-b754-113953d67a3a	ERROR	0	e3b0c44298fc1c149afbf4c8996fb92427ae41e4649b934ca495991b7852b855
stated	b4e60ee9-55d6-4ba9-aeb7-6377fc06e902	ERROR	0	e3b0c44298fc1c149afbf4c8996fb92427ae41e4649b934ca495991b7852b855
stated	b572e47d-dd27-4dcf-9f3d-2171299ce2fc	ERROR	0	e3b0c44298fc1c149afbf4c8996fb92427ae41e4649b934ca495991b7852b855
stated	b78bf7ce-5a3b-44b7-abb7-8bb1404383b1	ERROR	0	e3b0c44298fc1c149afbf4c8996fb92427ae41e4649b934ca495991b7852b855
stated	b78bf7ce-5a3b-44b7-abb7-8bb1404383b1	ERROR	0	e3b0c44298fc1c149afbf4c8996fb92427ae41e4649b934ca495991b7852b855
stated	bc2117fb-e9cd-44d1-a48f-1e4a4b09486a	ERROR	0	e3b0c44298fc1c149afbf4c8996fb92427ae41e4649b934ca495991b7852b855
stated	bdb62005-506f-4088-9bba-bedd410f23a3	ERROR	0	e3b0c44298fc1c149afbf4c8996fb92427ae41e4649b934ca495991b7852b855
stated	bf232736-952c-478c-93b4-9d1646a650a7	ERROR	0	e3b0c44298fc1c149afbf4c8996fb92427ae41e4649b934ca495991b7852b855
stated	bf232736-952c-478c-93b4-9d1646a650a7	ERROR	0	e3b0c44298fc1c149afbf4c8996fb92427ae41e4649b934ca495991b7852b855
stated	c07eb2e4-2c6b-4b3e-8ff3-813e82997b06	ERROR	0	e3b0c44298fc1c149afbf4c8996fb92427ae41e4649b934ca495991b7852b855
stated	c085bc43-e1cd-4330-9e96-adcad18e2bfc	ERROR	0	e3b0c44298fc1c149afbf4c8996fb92427ae41e4649b934ca495991b7852b855
stated	c090d040-7bf0-4505-83b3-d628fa0b49cd	ERROR	0	e3b0c44298fc1c149afbf4c8996fb92427ae41e4649b934ca495991b7852b855
stated	c0ae2a31-9d84-45ba-ab4e-c007a1886b35	ERROR	0	e3b0c44298fc1c149afbf4c8996fb92427ae41e4649b934ca495991b7852b855
stated	c3c84f02-877a-4dac-95bc-04e6331d4d06	ERROR	0	e3b0c44298fc1c149afbf4c8996fb92427ae41e4649b934ca495991b7852b855
stated	c6495cbd-6e08-47bc-b8a4-6932596ea14e	ERROR	0	e3b0c44298fc1c149afbf4c8996fb92427ae41e4649b934ca495991b7852b855
stated	c6bf1b10-9a0d-4e1f-bd69-6f5097856224	ERROR	0	e3b0c44298fc1c149afbf4c8996fb92427ae41e4649b934ca495991b7852b855
stated	c74ad05b-198e-4502-bf25-7fa1136e475a	ERROR	0	e3b0c44298fc1c149afbf4c8996fb92427ae41e4649b934ca495991b7852b855
stated	c74ad05b-198e-4502-bf25-7fa1136e475a	ERROR	0	e3b0c44298fc1c149afbf4c8996fb92427ae41e4649b934ca495991b7852b855
stated	c7599c64-e54d-447e-a8ea-f051e19fe312	ERROR	0	e3b0c44298fc1c149afbf4c8996fb92427ae41e4649b934ca495991b7852b855
stated	c9036ba8-f6cc-48fc-91f4-3dd3a85c32e4	ERROR	0	e3b0c44298fc1c149afbf4c8996fb92427ae41e4649b934ca495991b7852b855
stated	c9036ba8-f6cc-48fc-91f4-3dd3a85c32e4	ERROR	0	e3b0c44298fc1c149afbf4c8996fb92427ae41e4649b934ca495991b7852b855
stated	c91edb18-4e91-4dfe-98a0-49a4184e2fe4	ERROR	0	e3b0c44298fc1c149afbf4c8996fb92427ae41e4649b934ca495991b7852b855
stated	c91edb18-4e91-4dfe-98a0-49a4184e2fe4	ERROR	0	e3b0c44298fc1c149afbf4c8996fb92427ae41e4649b934ca495991b7852b855
stated	c941e910-e873-44c5-9dfe-fe798416f804	ERROR	0	e3b0c44298fc1c149afbf4c8996fb92427ae41e4649b934ca495991b7852b855
stated	c941e910-e873-44c5-9dfe-fe798416f804	ERROR	0	e3b0c44298fc1c149afbf4c8996fb92427ae41e4649b934ca495991b7852b855
stated	cb89b500-c4d3-42f1-8c43-5c62101fb704	ERROR	0	e3b0c44298fc1c149afbf4c8996fb92427ae41e4649b934ca495991b7852b855
stated	cb89b500-c4d3-42f1-8c43-5c62101fb704	ERROR	0	e3b0c44298fc1c149afbf4c8996fb92427ae41e4649b934ca495991b7852b855
stated	cd17911f-12f1-4562-9812-55e624339752	ERROR	0	e3b0c44298fc1c149afbf4c8996fb92427ae41e4649b934ca495991b7852b855
stated	cd63078d-5d84-45fd-94c0-098128f2e0ce	ERROR	0	e3b0c44298fc1c149afbf4c8996fb92427ae41e4649b934ca495991b7852b855
stated	cd63078d-5d84-45fd-94c0-098128f2e0ce	ERROR	0	e3b0c44298fc1c149afbf4c8996fb92427ae41e4649b934ca495991b7852b855
stated	ce71ef61-adb3-42fb-833e-ef774a6f74fa	ERROR	0	e3b0c44298fc1c149afbf4c8996fb92427ae41e4649b934ca495991b7852b855
stated	ce71ef61-adb3-42fb-833e-ef774a6f74fa	ERROR	0	e3b0c44298fc1c149afbf4c8996fb92427ae41e4649b934ca495991b7852b855
stated	d00830b0-6e17-418a-861c-e7e3da9d1f39	ERROR	0	e3b0c44298fc1c149afbf4c8996fb92427ae41e4649b934ca495991b7852b855
stated	d06ee38b-7d22-0815-041d-679c55d8b318	ERROR	0	e3b0c44298fc1c149afbf4c8996fb92427ae41e4649b934ca495991b7852b855
stated	d0d53655-b6c4-4801-9f1f-c8723d8220ee	ERROR	0	e3b0c44298fc1c149afbf4c8996fb92427ae41e4649b934ca495991b7852b855
stated	d0d53655-b6c4-4801-9f1f-c8723d8220ee	ERROR	0	e3b0c44298fc1c149afbf4c8996fb92427ae41e4649b934ca495991b7852b855
stated	d105caa4-0312-48cc-ab0c-d93de4fe4c4e	ERROR	0	e3b0c44298fc1c149afbf4c8996fb92427ae41e4649b934ca495991b7852b855
stated	d21a8cae-3730-11ee-bb0f-040300000000	ERROR	0	e3b0c44298fc1c149afbf4c8996fb92427ae41e4649b934ca495991b7852b855
stated	d21a8cae-3730-11ee-bb0f-040300000000	ERROR	0	e3b0c44298fc1c149afbf4c8996fb92427ae41e4649b934ca495991b7852b855
stated	d21a8cc1-3730-11ee-bb0f-040300000000	ERROR	0	e3b0c44298fc1c149afbf4c8996fb92427ae41e4649b934ca495991b7852b855
stated	d21a8cc1-3730-11ee-bb0f-040300000000	ERROR	0	e3b0c44298fc1c149afbf4c8996fb92427ae41e4649b934ca495991b7852b855
stated	d21a8cc7-3730-11ee-bb0f-040300000000	ERROR	0	e3b0c44298fc1c149afbf4c8996fb92427ae41e4649b934ca495991b7852b855
stated	d21a8cc7-3730-11ee-bb0f-040300000000	ERROR	0	e3b0c44298fc1c149afbf4c8996fb92427ae41e4649b934ca495991b7852b855
stated	d21a8ccc-3730-11ee-bb0f-040300000000	ERROR	0	e3b0c44298fc1c149afbf4c8996fb92427ae41e4649b934ca495991b7852b855
stated	d21a8ccc-3730-11ee-bb0f-040300000000	ERROR	0	e3b0c44298fc1c149afbf4c8996fb92427ae41e4649b934ca495991b7852b855
stated	d21a8cd0-3730-11ee-bb0f-040300000000	ERROR	0	e3b0c44298fc1c149afbf4c8996fb92427ae41e4649b934ca495991b7852b855
stated	d21a8cd0-3730-11ee-bb0f-040300000000	ERROR	0	e3b0c44298fc1c149afbf4c8996fb92427ae41e4649b934ca495991b7852b855
stated	d21a8cd5-3730-11ee-bb0f-040300000000	ERROR	0	e3b0c44298fc1c149afbf4c8996fb92427ae41e4649b934ca495991b7852b855
stated	d21a8cd5-3730-11ee-bb0f-040300000000	ERROR	0	e3b0c44298fc1c149afbf4c8996fb92427ae41e4649b934ca495991b7852b855
stated	d21a8cda-3730-11ee-bb0f-040300000000	ERROR	0	e3b0c44298fc1c149afbf4c8996fb92427ae41e4649b934ca495991b7852b855
stated	d21a8cda-3730-11ee-bb0f-040300000000	ERROR	0	e3b0c44298fc1c149afbf4c8996fb92427ae41e4649b934ca495991b7852b855
stated	d21a8cda-3730-11ee-bb0f-040300000000	ERROR	0	e3b0c44298fc1c149afbf4c8996fb92427ae41e4649b934ca495991b7852b855
stated	d21a8cdf-3730-11ee-bb0f-040300000000	ERROR	0	e3b0c44298fc1c149afbf4c8996fb92427ae41e4649b934ca495991b7852b855
stated	d21a8cdf-3730-11ee-bb0f-040300000000	ERROR	0	e3b0c44298fc1c149afbf4c8996fb92427ae41e4649b934ca495991b7852b855
stated	d21a8cdf-3730-11ee-bb0f-040300000000	ERROR	0	e3b0c44298fc1c149afbf4c8996fb92427ae41e4649b934ca495991b7852b855
stated	d21a8ce3-3730-11ee-bb0f-040300000000	ERROR	0	e3b0c44298fc1c149afbf4c8996fb92427ae41e4649b934ca495991b7852b855
stated	d21a8ce3-3730-11ee-bb0f-040300000000	ERROR	0	e3b0c44298fc1c149afbf4c8996fb92427ae41e4649b934ca495991b7852b855
stated	d21a8ce7-3730-11ee-bb0f-040300000000	ERROR	0	e3b0c44298fc1c149afbf4c8996fb92427ae41e4649b934ca495991b7852b855
stated	d21a8ce7-3730-11ee-bb0f-040300000000	ERROR	0	e3b0c44298fc1c149afbf4c8996fb92427ae41e4649b934ca495991b7852b855
stated	d21a8ceb-3730-11ee-bb0f-040300000000	ERROR	0	e3b0c44298fc1c149afbf4c8996fb92427ae41e4649b934ca495991b7852b855
stated	d21a8ceb-3730-11ee-bb0f-040300000000	ERROR	0	e3b0c44298fc1c149afbf4c8996fb92427ae41e4649b934ca495991b7852b855
stated	d21a8cf0-3730-11ee-bb0f-040300000000	ERROR	0	e3b0c44298fc1c149afbf4c8996fb92427ae41e4649b934ca495991b7852b855
stated	d21a8cf0-3730-11ee-bb0f-040300000000	ERROR	0	e3b0c44298fc1c149afbf4c8996fb92427ae41e4649b934ca495991b7852b855
stated	d21a8cf4-3730-11ee-bb0f-040300000000	ERROR	0	e3b0c44298fc1c149afbf4c8996fb92427ae41e4649b934ca495991b7852b855
stated	d21a8cf8-3730-11ee-bb0f-040300000000	ERROR	0	e3b0c44298fc1c149afbf4c8996fb92427ae41e4649b934ca495991b7852b855
stated	d21a8cfc-3730-11ee-bb0f-040300000000	ERROR	0	e3b0c44298fc1c149afbf4c8996fb92427ae41e4649b934ca495991b7852b855
stated	d21a8cfc-3730-11ee-bb0f-040300000000	ERROR	0	e3b0c44298fc1c149afbf4c8996fb92427ae41e4649b934ca495991b7852b855
stated	d21a8d01-3730-11ee-bb0f-040300000000	ERROR	0	e3b0c44298fc1c149afbf4c8996fb92427ae41e4649b934ca495991b7852b855
stated	d21a8d01-3730-11ee-bb0f-040300000000	ERROR	0	e3b0c44298fc1c149afbf4c8996fb92427ae41e4649b934ca495991b7852b855
stated	d21a8d05-3730-11ee-bb0f-040300000000	ERROR	0	e3b0c44298fc1c149afbf4c8996fb92427ae41e4649b934ca495991b7852b855
stated	d21a8d05-3730-11ee-bb0f-040300000000	ERROR	0	e3b0c44298fc1c149afbf4c8996fb92427ae41e4649b934ca495991b7852b855
stated	d21a8d09-3730-11ee-bb0f-040300000000	ERROR	0	e3b0c44298fc1c149afbf4c8996fb92427ae41e4649b934ca495991b7852b855
stated	d21a8d09-3730-11ee-bb0f-040300000000	ERROR	0	e3b0c44298fc1c149afbf4c8996fb92427ae41e4649b934ca495991b7852b855
stated	d21a8d0e-3730-11ee-bb0f-040300000000	ERROR	0	e3b0c44298fc1c149afbf4c8996fb92427ae41e4649b934ca495991b7852b855
stated	d21a8d0e-3730-11ee-bb0f-040300000000	ERROR	0	e3b0c44298fc1c149afbf4c8996fb92427ae41e4649b934ca495991b7852b855
stated	d21a8d13-3730-11ee-bb0f-040300000000	ERROR	0	e3b0c44298fc1c149afbf4c8996fb92427ae41e4649b934ca495991b7852b855
stated	d21a8d13-3730-11ee-bb0f-040300000000	ERROR	0	e3b0c44298fc1c149afbf4c8996fb92427ae41e4649b934ca495991b7852b855
stated	d21a8d17-3730-11ee-bb0f-040300000000	ERROR	0	e3b0c44298fc1c149afbf4c8996fb92427ae41e4649b934ca495991b7852b855
stated	d21a8d17-3730-11ee-bb0f-040300000000	ERROR	0	e3b0c44298fc1c149afbf4c8996fb92427ae41e4649b934ca495991b7852b855
stated	d21a8d1b-3730-11ee-bb0f-040300000000	ERROR	0	e3b0c44298fc1c149afbf4c8996fb92427ae41e4649b934ca495991b7852b855
stated	d21a8d1b-3730-11ee-bb0f-040300000000	ERROR	0	e3b0c44298fc1c149afbf4c8996fb92427ae41e4649b934ca495991b7852b855
stated	d21a8d1f-3730-11ee-bb0f-040300000000	ERROR	0	e3b0c44298fc1c149afbf4c8996fb92427ae41e4649b934ca495991b7852b855
stated	d21a8d1f-3730-11ee-bb0f-040300000000	ERROR	0	e3b0c44298fc1c149afbf4c8996fb92427ae41e4649b934ca495991b7852b855
stated	d21a8d23-3730-11ee-bb0f-040300000000	ERROR	0	e3b0c44298fc1c149afbf4c8996fb92427ae41e4649b934ca495991b7852b855
stated	d21a8d23-3730-11ee-bb0f-040300000000	ERROR	0	e3b0c44298fc1c149afbf4c8996fb92427ae41e4649b934ca495991b7852b855
stated	d21a8d28-3730-11ee-bb0f-040300000000	ERROR	0	e3b0c44298fc1c149afbf4c8996fb92427ae41e4649b934ca495991b7852b855
stated	d21a8d28-3730-11ee-bb0f-040300000000	ERROR	0	e3b0c44298fc1c149afbf4c8996fb92427ae41e4649b934ca495991b7852b855
stated	d21a8d30-3730-11ee-bb0f-040300000000	ERROR	0	e3b0c44298fc1c149afbf4c8996fb92427ae41e4649b934ca495991b7852b855
stated	d21a8d35-3730-11ee-bb0f-040300000000	ERROR	0	e3b0c44298fc1c149afbf4c8996fb92427ae41e4649b934ca495991b7852b855
stated	d21a8d3d-3730-11ee-bb0f-040300000000	ERROR	0	e3b0c44298fc1c149afbf4c8996fb92427ae41e4649b934ca495991b7852b855
stated	d21a8d41-3730-11ee-bb0f-040300000000	ERROR	0	e3b0c44298fc1c149afbf4c8996fb92427ae41e4649b934ca495991b7852b855
stated	d21a8d45-3730-11ee-bb0f-040300000000	ERROR	0	e3b0c44298fc1c149afbf4c8996fb92427ae41e4649b934ca495991b7852b855
stated	d21a8d4a-3730-11ee-bb0f-040300000000	ERROR	0	e3b0c44298fc1c149afbf4c8996fb92427ae41e4649b934ca495991b7852b855
stated	d21a8d4e-3730-11ee-bb0f-040300000000	ERROR	0	e3b0c44298fc1c149afbf4c8996fb92427ae41e4649b934ca495991b7852b855
stated	d21a8d52-3730-11ee-bb0f-040300000000	ERROR	0	e3b0c44298fc1c149afbf4c8996fb92427ae41e4649b934ca495991b7852b855
stated	d21a8d52-3730-11ee-bb0f-040300000000	ERROR	0	e3b0c44298fc1c149afbf4c8996fb92427ae41e4649b934ca495991b7852b855
stated	d21a8d56-3730-11ee-bb0f-040300000000	ERROR	0	e3b0c44298fc1c149afbf4c8996fb92427ae41e4649b934ca495991b7852b855
stated	d21a8d5d-3730-11ee-bb0f-040300000000	ERROR	0	e3b0c44298fc1c149afbf4c8996fb92427ae41e4649b934ca495991b7852b855
stated	d21a8d5d-3730-11ee-bb0f-040300000000	ERROR	0	e3b0c44298fc1c149afbf4c8996fb92427ae41e4649b934ca495991b7852b855
stated	d21a8d61-3730-11ee-bb0f-040300000000	ERROR	0	e3b0c44298fc1c149afbf4c8996fb92427ae41e4649b934ca495991b7852b855
stated	d21a8d65-3730-11ee-bb0f-040300000000	ERROR	0	e3b0c44298fc1c149afbf4c8996fb92427ae41e4649b934ca495991b7852b855
stated	d21a8d65-3730-11ee-bb0f-040300000000	ERROR	0	e3b0c44298fc1c149afbf4c8996fb92427ae41e4649b934ca495991b7852b855
stated	d21a8d69-3730-11ee-bb0f-040300000000	ERROR	0	e3b0c44298fc1c149afbf4c8996fb92427ae41e4649b934ca495991b7852b855
stated	d21a8d6d-3730-11ee-bb0f-040300000000	ERROR	0	e3b0c44298fc1c149afbf4c8996fb92427ae41e4649b934ca495991b7852b855
stated	d21a8d72-3730-11ee-bb0f-040300000000	ERROR	0	e3b0c44298fc1c149afbf4c8996fb92427ae41e4649b934ca495991b7852b855
stated	d21a8d76-3730-11ee-bb0f-040300000000	ERROR	0	e3b0c44298fc1c149afbf4c8996fb92427ae41e4649b934ca495991b7852b855
stated	d21a8d76-3730-11ee-bb0f-040300000000	ERROR	0	e3b0c44298fc1c149afbf4c8996fb92427ae41e4649b934ca495991b7852b855
stated	d21a8d7a-3730-11ee-bb0f-040300000000	ERROR	0	e3b0c44298fc1c149afbf4c8996fb92427ae41e4649b934ca495991b7852b855
stated	d21a8d7a-3730-11ee-bb0f-040300000000	ERROR	0	e3b0c44298fc1c149afbf4c8996fb92427ae41e4649b934ca495991b7852b855
stated	d21a8d7e-3730-11ee-bb0f-040300000000	ERROR	0	e3b0c44298fc1c149afbf4c8996fb92427ae41e4649b934ca495991b7852b855
stated	d21a8d7e-3730-11ee-bb0f-040300000000	ERROR	0	e3b0c44298fc1c149afbf4c8996fb92427ae41e4649b934ca495991b7852b855
stated	d226e47d-1cb1-4342-9f5a-a567357cd9ba	ERROR	0	e3b0c44298fc1c149afbf4c8996fb92427ae41e4649b934ca495991b7852b855
stated	d226e47d-1cb1-4342-9f5a-a567357cd9ba	ERROR	0	e3b0c44298fc1c149afbf4c8996fb92427ae41e4649b934ca495991b7852b855
stated	d2520060-1aaf-494f-a633-746f869baff0	ERROR	0	e3b0c44298fc1c149afbf4c8996fb92427ae41e4649b934ca495991b7852b855
stated	d2520060-1aaf-494f-a633-746f869baff0	ERROR	0	e3b0c44298fc1c149afbf4c8996fb92427ae41e4649b934ca495991b7852b855
stated	d2b49199-0139-4b5f-a6b5-6f7fbb4468ac	ERROR	0	e3b0c44298fc1c149afbf4c8996fb92427ae41e4649b934ca495991b7852b855
stated	d2b49199-0139-4b5f-a6b5-6f7fbb4468ac	ERROR	0	e3b0c44298fc1c149afbf4c8996fb92427ae41e4649b934ca495991b7852b855
stated	d64f229c-4721-4fba-b71c-12bf49e13013	ERROR	0	e3b0c44298fc1c149afbf4c8996fb92427ae41e4649b934ca495991b7852b855
stated	d64f229c-4721-4fba-b71c-12bf49e13013	ERROR	0	e3b0c44298fc1c149afbf4c8996fb92427ae41e4649b934ca495991b7852b855
stated	d6c20749-3934-4097-b5b2-a1b9a9cf89f4	ERROR	0	e3b0c44298fc1c149afbf4c8996fb92427ae41e4649b934ca495991b7852b855
stated	d9d33265-0eb8-48ae-b85c-142c558c7ba0	ERROR	0	e3b0c44298fc1c149afbf4c8996fb92427ae41e4649b934ca495991b7852b855
stated	daaeb81e-e13e-471f-bfca-dc249537ebe0	ERROR	0	e3b0c44298fc1c149afbf4c8996fb92427ae41e4649b934ca495991b7852b855
stated	daaeb81e-e13e-471f-bfca-dc249537ebe0	ERROR	0	e3b0c44298fc1c149afbf4c8996fb92427ae41e4649b934ca495991b7852b855
stated	dc883013-768a-406e-ac8f-7b92942d5a75	ERROR	0	e3b0c44298fc1c149afbf4c8996fb92427ae41e4649b934ca495991b7852b855
stated	dc883013-768a-406e-ac8f-7b92942d5a75	ERROR	0	e3b0c44298fc1c149afbf4c8996fb92427ae41e4649b934ca495991b7852b855
stated	de1e359a-9fad-4769-be27-e12b161a51ca	ERROR	0	e3b0c44298fc1c149afbf4c8996fb92427ae41e4649b934ca495991b7852b855
stated	de461238-9a7f-d34b-b5ca-62577545c8f9	ERROR	0	e3b0c44298fc1c149afbf4c8996fb92427ae41e4649b934ca495991b7852b855
stated	de461238-9a7f-d34b-b5ca-62577545c8f9	ERROR	0	e3b0c44298fc1c149afbf4c8996fb92427ae41e4649b934ca495991b7852b855
stated	de805494-83ba-4581-bed8-9a1a6bfc6460	ERROR	0	e3b0c44298fc1c149afbf4c8996fb92427ae41e4649b934ca495991b7852b855
stated	de904afb-2bbb-47cb-8ff7-cb6509608007	ERROR	0	e3b0c44298fc1c149afbf4c8996fb92427ae41e4649b934ca495991b7852b855
stated	def65631-9563-4be4-b342-0b87add14593	ERROR	0	e3b0c44298fc1c149afbf4c8996fb92427ae41e4649b934ca495991b7852b855
stated	def65631-9563-4be4-b342-0b87add14593	ERROR	0	e3b0c44298fc1c149afbf4c8996fb92427ae41e4649b934ca495991b7852b855
stated	dfeb4481-9163-4043-9635-8427326fa522	ERROR	0	e3b0c44298fc1c149afbf4c8996fb92427ae41e4649b934ca495991b7852b855
stated	dfeb4481-9163-4043-9635-8427326fa522	ERROR	0	e3b0c44298fc1c149afbf4c8996fb92427ae41e4649b934ca495991b7852b855
stated	e0efda58-d96c-787c-49eb-016266377385	ERROR	0	e3b0c44298fc1c149afbf4c8996fb92427ae41e4649b934ca495991b7852b855
stated	e14b0f85-7823-405b-94f1-acd35d627469	ERROR	0	e3b0c44298fc1c149afbf4c8996fb92427ae41e4649b934ca495991b7852b855
stated	e14b0f85-7823-405b-94f1-acd35d627469	ERROR	0	e3b0c44298fc1c149afbf4c8996fb92427ae41e4649b934ca495991b7852b855
stated	e162bc5e-18f5-4e7d-9504-db8c0a6cf323	ERROR	0	e3b0c44298fc1c149afbf4c8996fb92427ae41e4649b934ca495991b7852b855
stated	e162bc5e-18f5-4e7d-9504-db8c0a6cf323	ERROR	0	e3b0c44298fc1c149afbf4c8996fb92427ae41e4649b934ca495991b7852b855
stated	e25ae83a-4da4-4c87-b254-f5399dd9b088	ERROR	0	e3b0c44298fc1c149afbf4c8996fb92427ae41e4649b934ca495991b7852b855
stated	e4cb759c-6723-414c-857d-70f11c88498a	ERROR	0	e3b0c44298fc1c149afbf4c8996fb92427ae41e4649b934ca495991b7852b855
stated	e4cb759c-6723-414c-857d-70f11c88498a	ERROR	0	e3b0c44298fc1c149afbf4c8996fb92427ae41e4649b934ca495991b7852b855
stated	e54095b9-2f89-43a8-ad34-54886d5b3307	ERROR	0	e3b0c44298fc1c149afbf4c8996fb92427ae41e4649b934ca495991b7852b855
stated	e5945adf-c075-4fb7-8f1b-515a124326cf	ERROR	0	e3b0c44298fc1c149afbf4c8996fb92427ae41e4649b934ca495991b7852b855
stated	e68a4cea-c590-891a-a43b-e5d3ebb39af6	ERROR	0	e3b0c44298fc1c149afbf4c8996fb92427ae41e4649b934ca495991b7852b855
stated	e78ab04a-d559-42b7-8de1-edb6cba4f594	ERROR	0	e3b0c44298fc1c149afbf4c8996fb92427ae41e4649b934ca495991b7852b855
stated	e78ab04a-d559-42b7-8de1-edb6cba4f594	ERROR	0	e3b0c44298fc1c149afbf4c8996fb92427ae41e4649b934ca495991b7852b855
stated	e815b571-999f-4c81-bd17-d27a17d12fb7	ERROR	0	e3b0c44298fc1c149afbf4c8996fb92427ae41e4649b934ca495991b7852b855
stated	e89e3af9-8e8b-41c1-ba0a-e59e819202e2	ERROR	0	e3b0c44298fc1c149afbf4c8996fb92427ae41e4649b934ca495991b7852b855
stated	e8cee440-5eda-7717-505f-69d3727b855b	ERROR	0	e3b0c44298fc1c149afbf4c8996fb92427ae41e4649b934ca495991b7852b855
stated	e8cee440-5eda-7717-505f-69d3727b855b	ERROR	0	e3b0c44298fc1c149afbf4c8996fb92427ae41e4649b934ca495991b7852b855
stated	e8ec5f5c-a9e0-4241-912d-8ea9331cce91	ERROR	0	e3b0c44298fc1c149afbf4c8996fb92427ae41e4649b934ca495991b7852b855
stated	e917a2c2-8e83-9295-7249-909a58bdc08d	ERROR	0	e3b0c44298fc1c149afbf4c8996fb92427ae41e4649b934ca495991b7852b855
stated	e93f6b69-d212-44eb-a03f-51f807642e66	ERROR	0	e3b0c44298fc1c149afbf4c8996fb92427ae41e4649b934ca495991b7852b855
stated	e963dc10-d1f7-4748-b4c9-8e955dae52d6	ERROR	0	e3b0c44298fc1c149afbf4c8996fb92427ae41e4649b934ca495991b7852b855
stated	e963dc10-d1f7-4748-b4c9-8e955dae52d6	ERROR	0	e3b0c44298fc1c149afbf4c8996fb92427ae41e4649b934ca495991b7852b855
stated	e96eade2-42ce-4c5c-8585-ad80b8dd7b41	ERROR	0	e3b0c44298fc1c149afbf4c8996fb92427ae41e4649b934ca495991b7852b855
stated	e96eade2-42ce-4c5c-8585-ad80b8dd7b41	ERROR	0	e3b0c44298fc1c149afbf4c8996fb92427ae41e4649b934ca495991b7852b855
stated	eaa637bc-02b2-4245-897c-1f7b0160a3a0	ERROR	0	e3b0c44298fc1c149afbf4c8996fb92427ae41e4649b934ca495991b7852b855
stated	ecab61a9-4af1-43fc-acfd-1cefbab47b89	ERROR	0	e3b0c44298fc1c149afbf4c8996fb92427ae41e4649b934ca495991b7852b855
stated	ee495798-e760-481a-9961-3b92b5b0c808	ERROR	0	e3b0c44298fc1c149afbf4c8996fb92427ae41e4649b934ca495991b7852b855
stated	efbe234f-5cf4-4031-bb75-1301b1750e64	ERROR	0	e3b0c44298fc1c149afbf4c8996fb92427ae41e4649b934ca495991b7852b855
stated	efd2d4f8-8230-41bc-9755-4351cce89a0a	ERROR	0	e3b0c44298fc1c149afbf4c8996fb92427ae41e4649b934ca495991b7852b855
stated	eff63f60-23fa-9b76-06af-f42ee079fc9f	ERROR	0	e3b0c44298fc1c149afbf4c8996fb92427ae41e4649b934ca495991b7852b855
stated	eff63f60-23fa-9b76-06af-f42ee079fc9f	ERROR	0	e3b0c44298fc1c149afbf4c8996fb92427ae41e4649b934ca495991b7852b855
stated	f0123ad7-6835-455c-823e-9a56003ff0a7	ERROR	0	e3b0c44298fc1c149afbf4c8996fb92427ae41e4649b934ca495991b7852b855
stated	f19b3472-2c1e-44c1-9551-758eb38b3365	ERROR	0	e3b0c44298fc1c149afbf4c8996fb92427ae41e4649b934ca495991b7852b855
stated	f1e53337-f080-448f-b272-5b6eae399714	ERROR	0	e3b0c44298fc1c149afbf4c8996fb92427ae41e4649b934ca495991b7852b855
stated	f1e53337-f080-448f-b272-5b6eae399714	ERROR	0	e3b0c44298fc1c149afbf4c8996fb92427ae41e4649b934ca495991b7852b855
stated	f2578aa6-665f-461e-9ad1-48658d36c711	ERROR	0	e3b0c44298fc1c149afbf4c8996fb92427ae41e4649b934ca495991b7852b855
stated	f27821d1-923d-4361-bbf8-504fb5bfc87a	ERROR	0	e3b0c44298fc1c149afbf4c8996fb92427ae41e4649b934ca495991b7852b855
stated	f27821d1-923d-4361-bbf8-504fb5bfc87a	ERROR	0	e3b0c44298fc1c149afbf4c8996fb92427ae41e4649b934ca495991b7852b855
stated	f3320d04-a08a-4606-9215-b6bda89fc654	ERROR	0	e3b0c44298fc1c149afbf4c8996fb92427ae41e4649b934ca495991b7852b855
stated	f3320d04-a08a-4606-9215-b6bda89fc654	ERROR	0	e3b0c44298fc1c149afbf4c8996fb92427ae41e4649b934ca495991b7852b855
stated	f3a97490-6c74-404e-a3e9-436b7d4ca2a1	ERROR	0	e3b0c44298fc1c149afbf4c8996fb92427ae41e4649b934ca495991b7852b855
stated	f3a97490-6c74-404e-a3e9-436b7d4ca2a1	ERROR	0	e3b0c44298fc1c149afbf4c8996fb92427ae41e4649b934ca495991b7852b855
stated	f481c372-2d43-4db9-becb-4f5cb530792a	ERROR	0	e3b0c44298fc1c149afbf4c8996fb92427ae41e4649b934ca495991b7852b855
stated	f4b8b01a-1c4a-4f58-8459-6ad920684f5e	ERROR	0	e3b0c44298fc1c149afbf4c8996fb92427ae41e4649b934ca495991b7852b855
stated	f515d338-e39d-4f81-9f66-8927a214da16	ERROR	0	e3b0c44298fc1c149afbf4c8996fb92427ae41e4649b934ca495991b7852b855
stated	f58d75aa-599a-42e7-9f35-31a9c8a7d6d9	ERROR	0	e3b0c44298fc1c149afbf4c8996fb92427ae41e4649b934ca495991b7852b855
stated	f5a58824-627b-4d4a-ad95-a72ccc2ed396	ERROR	0	e3b0c44298fc1c149afbf4c8996fb92427ae41e4649b934ca495991b7852b855
stated	f80a5aeb-972e-4378-b554-b401b1e5c50f	ERROR	0	e3b0c44298fc1c149afbf4c8996fb92427ae41e4649b934ca495991b7852b855
stated	f926dadf-6918-432a-b029-597186d86238	ERROR	0	e3b0c44298fc1c149afbf4c8996fb92427ae41e4649b934ca495991b7852b855
stated	f9ba853d-f4ce-44ef-b267-3e338ec6e211	ERROR	0	e3b0c44298fc1c149afbf4c8996fb92427ae41e4649b934ca495991b7852b855
stated	fa69dce7-7aa3-4e4f-bc00-6de9e35d422d	ERROR	0	e3b0c44298fc1c149afbf4c8996fb92427ae41e4649b934ca495991b7852b855
stated	fa69dce7-7aa3-4e4f-bc00-6de9e35d422d	ERROR	0	e3b0c44298fc1c149afbf4c8996fb92427ae41e4649b934ca495991b7852b855
stated	faf7265b-1290-40f1-ac73-d34d9a851939	ERROR	0	e3b0c44298fc1c149afbf4c8996fb92427ae41e4649b934ca495991b7852b855
stated	fb772413-4fc5-403f-9900-6483c26c4adc	ERROR	0	e3b0c44298fc1c149afbf4c8996fb92427ae41e4649b934ca495991b7852b855
stated	fb772413-4fc5-403f-9900-6483c26c4adc	ERROR	0	e3b0c44298fc1c149afbf4c8996fb92427ae41e4649b934ca495991b7852b855
stated	fbac216b-4025-4ed9-9eeb-bcd47f5715a2	ERROR	0	e3b0c44298fc1c149afbf4c8996fb92427ae41e4649b934ca495991b7852b855
stated	fbac216b-4025-4ed9-9eeb-bcd47f5715a2	ERROR	0	e3b0c44298fc1c149afbf4c8996fb92427ae41e4649b934ca495991b7852b855
stated	fc406126-e867-498f-bf03-3f8b5021f4f7	ERROR	0	e3b0c44298fc1c149afbf4c8996fb92427ae41e4649b934ca495991b7852b855
stated	fcbe4dee-2694-4aa1-8c6d-bbe5c5b03120	ERROR	0	e3b0c44298fc1c149afbf4c8996fb92427ae41e4649b934ca495991b7852b855
stated	fd183078-24bb-4132-b277-df6d7b1b963f	ERROR	0	e3b0c44298fc1c149afbf4c8996fb92427ae41e4649b934ca495991b7852b855
stated	fd183078-24bb-4132-b277-df6d7b1b963f	ERROR	0	e3b0c44298fc1c149afbf4c8996fb92427ae41e4649b934ca495991b7852b855
stated	fe14346d-fd26-49ab-a9db-ba74f8eca9ee	ERROR	0	e3b0c44298fc1c149afbf4c8996fb92427ae41e4649b934ca495991b7852b855
stated	fe28d2d6-29c0-439a-9b24-b40339992aab	ERROR	0	e3b0c44298fc1c149afbf4c8996fb92427ae41e4649b934ca495991b7852b855
stated	fe28d2d6-29c0-439a-9b24-b40339992aab	ERROR	0	e3b0c44298fc1c149afbf4c8996fb92427ae41e4649b934ca495991b7852b855
stated	ff16877e-593c-45ea-846a-90591b34adc9	ERROR	0	e3b0c44298fc1c149afbf4c8996fb92427ae41e4649b934ca495991b7852b855
stated	ff16877e-593c-45ea-846a-90591b34adc9	ERROR	0	e3b0c44298fc1c149afbf4c8996fb92427ae41e4649b934ca495991b7852b855
stated	ffbce365-8d1a-4659-99fa-d5e5ce9c3f2c	ERROR	0	e3b0c44298fc1c149afbf4c8996fb92427ae41e4649b934ca495991b7852b855
stated	ffbce365-8d1a-4659-99fa-d5e5ce9c3f2c	ERROR	0	e3b0c44298fc1c149afbf4c8996fb92427ae41e4649b934ca495991b7852b855
